{"v":"4.8.0","meta":{"g":"LottieFiles AE 3.0.0","a":"","k":"","d":"","tc":""},"fr":29.9700012207031,"ip":0,"op":180.00000733155,"w":1080,"h":800,"nm":"sign up","ddd":0,"assets":[],"layers":[{"ddd":0,"ind":1,"ty":4,"nm":"hand Outlines","sr":1,"ks":{"o":{"a":0,"k":100,"ix":11},"r":{"a":1,"k":[{"i":{"x":[0.667],"y":[1]},"o":{"x":[0.333],"y":[0]},"t":0,"s":[-2.1]},{"i":{"x":[0.667],"y":[1]},"o":{"x":[0.333],"y":[0]},"t":60,"s":[2.891]},{"t":120.0000048877,"s":[-2.109]}],"ix":10},"p":{"a":0,"k":[760,547.5,0],"ix":2},"a":{"a":0,"k":[247,43.5,0],"ix":1},"s":{"a":0,"k":[143.841,143.841,100],"ix":6}},"ao":0,"shapes":[{"ty":"gr","it":[{"ind":0,"ty":"sh","ix":1,"ks":{"a":0,"k":{"i":[[-0.049,-0.148],[-0.782,0.148],[-1.272,0.686],[-2.741,3.38],[-1.763,2.204],[0.099,0.048],[1.86,-2.155],[2.79,-3.331],[2.447,-1.42]],"o":[[0,0],[0.784,-0.195],[2.595,-1.323],[2.741,-3.33],[1.713,-2.254],[-0.098,-0.049],[-1.86,2.155],[-2.741,3.331],[-2.399,1.47]],"v":[[-11.184,10.63],[-9.962,10.482],[-6.779,9.258],[1.492,1.762],[8.443,-6.859],[11.135,-10.581],[8.003,-7.202],[0.857,1.273],[-7.072,8.768]],"c":true},"ix":2},"nm":"Path 1","mn":"ADBE Vector Shape - Group","hd":false},{"ty":"fl","c":{"a":0,"k":[0.888932830212,0.59657461129,0.59057485543,1],"ix":4},"o":{"a":0,"k":100,"ix":5},"r":1,"bm":0,"nm":"Fill 1","mn":"ADBE Vector Graphic - Fill","hd":false},{"ty":"tr","p":{"a":0,"k":[52.759,83.983],"ix":2},"a":{"a":0,"k":[0,0],"ix":1},"s":{"a":0,"k":[100,100],"ix":3},"r":{"a":0,"k":0,"ix":6},"o":{"a":0,"k":100,"ix":7},"sk":{"a":0,"k":0,"ix":4},"sa":{"a":0,"k":0,"ix":5},"nm":"Transform"}],"nm":"Group 1","np":2,"cix":2,"bm":0,"ix":1,"mn":"ADBE Vector Group","hd":false},{"ty":"gr","it":[{"ind":0,"ty":"sh","ix":1,"ks":{"a":0,"k":{"i":[[0,0],[-1.958,2.596],[-2.741,4.214],[-1.567,2.89],[0.098,0.098],[1.665,-2.791],[2.691,-4.213],[1.859,-2.694],[-0.099,-0.098]],"o":[[0,0],[1.958,-2.595],[2.692,-4.212],[1.565,-2.89],[-0.097,-0.05],[-1.664,2.792],[-2.692,4.212],[-1.861,2.695],[0,0]],"v":[[-9.814,15.235],[-6.436,11.169],[0.906,0.637],[7.465,-10.384],[9.765,-15.184],[6.926,-10.727],[0.221,0.148],[-6.876,10.777],[-9.764,15.235]],"c":true},"ix":2},"nm":"Path 1","mn":"ADBE Vector Shape - Group","hd":false},{"ty":"fl","c":{"a":0,"k":[0.888932830212,0.59657461129,0.59057485543,1],"ix":4},"o":{"a":0,"k":100,"ix":5},"r":1,"bm":0,"nm":"Fill 1","mn":"ADBE Vector Graphic - Fill","hd":false},{"ty":"tr","p":{"a":0,"k":[48.696,79.574],"ix":2},"a":{"a":0,"k":[0,0],"ix":1},"s":{"a":0,"k":[100,100],"ix":3},"r":{"a":0,"k":0,"ix":6},"o":{"a":0,"k":100,"ix":7},"sk":{"a":0,"k":0,"ix":4},"sa":{"a":0,"k":0,"ix":5},"nm":"Transform"}],"nm":"Group 2","np":2,"cix":2,"bm":0,"ix":2,"mn":"ADBE Vector Group","hd":false},{"ty":"gr","it":[{"ind":0,"ty":"sh","ix":1,"ks":{"a":0,"k":{"i":[[0,0],[0,0],[-5.188,-1.322],[0,0],[0,0],[-6.999,5.83],[0,0],[0,0]],"o":[[0,0],[0,0],[5.189,1.323],[0,0],[0,0],[6.95,-5.829],[0,0],[0,0]],"v":[[36.784,-21.161],[-12.26,-21.161],[-37.077,6.906],[-13.583,-9.895],[-27.532,21.161],[0.906,12.393],[14.366,2.008],[42.264,4.605]],"c":true},"ix":2},"nm":"Path 1","mn":"ADBE Vector Shape - Group","hd":false},{"ty":"fl","c":{"a":0,"k":[0.984794407265,0.752759566962,0.622481222714,1],"ix":4},"o":{"a":0,"k":100,"ix":5},"r":1,"bm":0,"nm":"Fill 1","mn":"ADBE Vector Graphic - Fill","hd":false},{"ty":"tr","p":{"a":0,"k":[64.31,73.5],"ix":2},"a":{"a":0,"k":[0,0],"ix":1},"s":{"a":0,"k":[100,100],"ix":3},"r":{"a":0,"k":0,"ix":6},"o":{"a":0,"k":100,"ix":7},"sk":{"a":0,"k":0,"ix":4},"sa":{"a":0,"k":0,"ix":5},"nm":"Transform"}],"nm":"Group 3","np":2,"cix":2,"bm":0,"ix":3,"mn":"ADBE Vector Group","hd":false},{"ty":"gr","it":[{"ind":0,"ty":"sh","ix":1,"ks":{"a":0,"k":{"i":[[0,0],[7.725,-6.069],[0,0],[0,0],[0,0]],"o":[[7.446,12.616],[-20.899,16.459],[0,0],[0,0],[0,0]],"v":[[68.801,-35.747],[80.544,19.288],[-79.263,30.505],[-88.269,-6.869],[20.832,-25.583]],"c":false},"ix":2},"nm":"Path 1","mn":"ADBE Vector Shape - Group","hd":false},{"ty":"fl","c":{"a":0,"k":[0.956862804936,0.670588235294,0.023529413635,1],"ix":4},"o":{"a":0,"k":100,"ix":5},"r":1,"bm":0,"nm":"Fill 1","mn":"ADBE Vector Graphic - Fill","hd":false},{"ty":"tr","p":{"a":0,"k":[186.099,48.763],"ix":2},"a":{"a":0,"k":[0,0],"ix":1},"s":{"a":0,"k":[100,100],"ix":3},"r":{"a":0,"k":0,"ix":6},"o":{"a":0,"k":100,"ix":7},"sk":{"a":0,"k":0,"ix":4},"sa":{"a":0,"k":0,"ix":5},"nm":"Transform"}],"nm":"Group 4","np":2,"cix":2,"bm":0,"ix":4,"mn":"ADBE Vector Group","hd":false}],"ip":0,"op":360.000014663101,"st":0,"bm":0},{"ddd":0,"ind":2,"ty":4,"nm":"man with lappy 1 Outlines","sr":1,"ks":{"o":{"a":0,"k":100,"ix":11},"r":{"a":0,"k":0,"ix":10},"p":{"a":0,"k":[540,400,0],"ix":2},"a":{"a":0,"k":[263.5,194.5,0],"ix":1},"s":{"a":0,"k":[181.973,181.973,100],"ix":6}},"ao":0,"shapes":[{"ty":"gr","it":[{"ind":0,"ty":"sh","ix":1,"ks":{"a":0,"k":{"i":[[0,0],[-0.04,0.08],[-0.04,0.201],[-0.36,0.361],[-0.32,0.161],[-0.12,0.04],[0,0],[-0.481,-0.12],[-0.28,-0.2],[-0.361,-0.361],[0,0],[0,0],[0.12,-0.481],[0.28,-0.441],[0.04,-0.12],[0.121,-0.121],[0.12,-0.161],[0,0],[0.321,-0.12],[0.04,-0.04],[0.722,0.201],[0.481,0.482],[0.2,0.682],[-0.201,0.722]],"o":[[0,0],[0.08,-0.161],[0.16,-0.481],[0.241,-0.241],[0.121,-0.04],[0,0],[0.521,-0.161],[0.361,0],[0.481,0.161],[0,0],[0,0],[0.161,0.521],[0,0.522],[-0.04,0.121],[-0.08,0.161],[-0.12,0.16],[0,0],[-0.321,0.12],[-0.04,0],[-0.682,0.201],[-0.641,-0.2],[-0.481,-0.481],[-0.201,-0.682],[0,0]],"v":[[-3.949,-0.783],[-3.868,-0.942],[-3.667,-1.464],[-2.867,-2.748],[-2.025,-3.39],[-1.704,-3.55],[-0.781,-3.951],[0.742,-4.033],[1.704,-3.752],[2.947,-2.949],[3.549,-2.187],[3.949,-1.264],[4.029,0.261],[3.589,1.705],[3.428,2.025],[3.107,2.428],[2.786,2.868],[1.984,3.471],[1.023,3.872],[0.863,3.951],[-1.223,3.951],[-2.947,2.949],[-3.949,1.223],[-3.949,-0.863]],"c":true},"ix":2},"nm":"Path 1","mn":"ADBE Vector Shape - Group","hd":false},{"ty":"fl","c":{"a":0,"k":[0.909803981407,0.580392156863,0.494117676978,1],"ix":4},"o":{"a":0,"k":100,"ix":5},"r":1,"bm":0,"nm":"Fill 1","mn":"ADBE Vector Graphic - Fill","hd":false},{"ty":"tr","p":{"a":1,"k":[{"i":{"x":0.667,"y":1},"o":{"x":0.333,"y":0},"t":0,"s":[20.786,91.252],"to":[0,-6.667],"ti":[0,0]},{"i":{"x":0.667,"y":1},"o":{"x":0.333,"y":0},"t":89,"s":[20.786,51.252],"to":[0,0],"ti":[0,-6.667]},{"t":180.00000733155,"s":[20.786,91.252]}],"ix":2},"a":{"a":0,"k":[0,0],"ix":1},"s":{"a":0,"k":[100,100],"ix":3},"r":{"a":0,"k":0,"ix":6},"o":{"a":0,"k":100,"ix":7},"sk":{"a":0,"k":0,"ix":4},"sa":{"a":0,"k":0,"ix":5},"nm":"Transform"}],"nm":"Group 1","np":4,"cix":2,"bm":0,"ix":1,"mn":"ADBE Vector Group","hd":false},{"ty":"gr","it":[{"ind":0,"ty":"sh","ix":1,"ks":{"a":0,"k":{"i":[[0.601,2.407],[0.281,9.308],[-0.721,-3.571],[0.161,-9.348]],"o":[[-2.245,-9.067],[-0.12,-3.53],[1.844,9.227],[0,2.367]],"v":[[0.02,15.205],[-4.27,-13.2],[1.984,-14.041],[4.229,14.645]],"c":true},"ix":2},"nm":"Path 1","mn":"ADBE Vector Shape - Group","hd":false},{"ty":"fl","c":{"a":0,"k":[0.909803981407,0.580392156863,0.494117676978,1],"ix":4},"o":{"a":0,"k":100,"ix":5},"r":1,"bm":0,"nm":"Fill 1","mn":"ADBE Vector Graphic - Fill","hd":false},{"ty":"tr","p":{"a":1,"k":[{"i":{"x":0.667,"y":1},"o":{"x":0.333,"y":0},"t":0,"s":[49.609,73.619],"to":[0,6.667],"ti":[0,0]},{"i":{"x":0.667,"y":1},"o":{"x":0.333,"y":0},"t":90,"s":[49.609,113.619],"to":[0,0],"ti":[0,6.667]},{"t":180.00000733155,"s":[49.609,73.619]}],"ix":2},"a":{"a":0,"k":[0,0],"ix":1},"s":{"a":0,"k":[100,100],"ix":3},"r":{"a":0,"k":0,"ix":6},"o":{"a":0,"k":100,"ix":7},"sk":{"a":0,"k":0,"ix":4},"sa":{"a":0,"k":0,"ix":5},"nm":"Transform"}],"nm":"Group 2","np":4,"cix":2,"bm":0,"ix":2,"mn":"ADBE Vector Group","hd":false},{"ty":"gr","it":[{"ind":0,"ty":"sh","ix":1,"ks":{"a":0,"k":{"i":[[0,0],[-1.483,-9.388],[2.686,0.401],[8.699,2.006],[-0.962,1.725],[-3.568,4.573],[-4.73,2.086],[2.004,-3.209],[3.207,-3.651],[2.646,-4.894],[0,0],[-9.1,-1.604],[0,0],[0.601,9.468],[-0.481,-2.407]],"o":[[1.924,9.308],[0.441,2.729],[-8.82,-1.244],[-2.005,-0.482],[2.846,-4.975],[3.127,-4.012],[2.927,-1.324],[-2.566,4.133],[-3.688,4.133],[0,0],[9.18,0.803],[0,0],[-1.042,-9.428],[-0.161,-2.407],[0,0]],"v":[[11.185,-14.303],[16.156,13.701],[11.987,17.874],[-14.311,13.46],[-16.195,8.807],[-7.095,-5.676],[4.45,-16.951],[9.181,-12.216],[-0.922,-1.464],[-10.743,11.975],[-13.469,7.242],[13.791,11.333],[9.501,14.624],[6.936,-13.701],[11.185,-14.262]],"c":true},"ix":2},"nm":"Path 1","mn":"ADBE Vector Shape - Group","hd":false},{"ty":"fl","c":{"a":0,"k":[0.89019613827,0.439215716194,0.498039245605,1],"ix":4},"o":{"a":0,"k":100,"ix":5},"r":1,"bm":0,"nm":"Fill 1","mn":"ADBE Vector Graphic - Fill","hd":false},{"ty":"tr","p":{"a":1,"k":[{"i":{"x":0.667,"y":1},"o":{"x":0.333,"y":0},"t":0,"s":[16.597,137.227],"to":[0,4.333],"ti":[0,0]},{"i":{"x":0.667,"y":1},"o":{"x":0.333,"y":0},"t":90,"s":[16.597,163.227],"to":[0,0],"ti":[0,4.333]},{"t":180.00000733155,"s":[16.597,137.227]}],"ix":2},"a":{"a":0,"k":[0,0],"ix":1},"s":{"a":0,"k":[100,100],"ix":3},"r":{"a":0,"k":0,"ix":6},"o":{"a":0,"k":100,"ix":7},"sk":{"a":0,"k":0,"ix":4},"sa":{"a":0,"k":0,"ix":5},"nm":"Transform"}],"nm":"Group 3","np":4,"cix":2,"bm":0,"ix":3,"mn":"ADBE Vector Group","hd":false},{"ty":"gr","it":[{"ind":0,"ty":"sh","ix":1,"ks":{"a":0,"k":{"i":[[0,0],[5.131,-6.258],[6.054,4.614],[-15.755,-4.895],[3.367,-0.281],[3.487,-3.009],[-2.966,-3.611],[8.098,8.586],[-1.403,-1.324]],"o":[[5.412,5.135],[-4.851,5.898],[-14.512,-10.953],[3.407,1.043],[-4.289,0.401],[-3.648,3.129],[7.898,9.709],[-1.323,-1.404],[0,0]],"v":[[12.347,-7.763],[14.793,11.534],[-5.412,14.022],[10.784,-13.741],[9.982,-7.763],[-2.405,-4.353],[-3.127,7.803],[10.263,-5.637],[12.387,-7.763]],"c":true},"ix":2},"nm":"Path 1","mn":"ADBE Vector Shape - Group","hd":false},{"ty":"fl","c":{"a":0,"k":[0.541176470588,0.662745098039,0.988235353956,1],"ix":4},"o":{"a":0,"k":100,"ix":5},"r":1,"bm":0,"nm":"Fill 1","mn":"ADBE Vector Graphic - Fill","hd":false},{"ty":"tr","p":{"a":1,"k":[{"i":{"x":0.667,"y":1},"o":{"x":0.333,"y":0},"t":0,"s":[134.977,86.349],"to":[0,4],"ti":[0,0]},{"i":{"x":0.667,"y":1},"o":{"x":0.333,"y":0},"t":89,"s":[134.977,110.349],"to":[0,0],"ti":[0,4]},{"t":180.00000733155,"s":[134.977,86.349]}],"ix":2},"a":{"a":0,"k":[0,0],"ix":1},"s":{"a":0,"k":[100,100],"ix":3},"r":{"a":0,"k":0,"ix":6},"o":{"a":0,"k":100,"ix":7},"sk":{"a":0,"k":0,"ix":4},"sa":{"a":0,"k":0,"ix":5},"nm":"Transform"}],"nm":"Group 4","np":4,"cix":2,"bm":0,"ix":4,"mn":"ADBE Vector Group","hd":false},{"ty":"gr","it":[{"ind":0,"ty":"sh","ix":1,"ks":{"a":0,"k":{"i":[[0,0],[2.124,-3.169],[2.566,-0.882],[2.205,1.484],[4.009,2.849],[-1.203,1.885],[-3.327,5.095],[-1.764,-1.244],[-3.688,-3.49],[3.528,1.845],[3.889,2.728],[0,0],[3.327,-5.095],[0,0],[-2.245,-1.645],[-0.642,0.12],[-0.762,0.882],[-2.205,1.204],[0.081,-1.164]],"o":[[-0.2,3.852],[-1.444,2.167],[-2.766,0.963],[-4.089,-2.729],[-1.643,-1.163],[3.327,-5.096],[1.042,-1.645],[4.169,2.969],[3.087,2.929],[-4.249,-2.166],[0,0],[-3.328,5.096],[0,0],[2.245,1.605],[1.002,0.722],[0.762,-0.16],[1.643,-1.886],[0.922,-0.522],[0,0]],"v":[[15.815,-0.221],[11.366,10.291],[5.633,16.309],[-1.342,14.424],[-13.37,5.958],[-14.773,0.663],[-4.831,-14.623],[0.462,-16.027],[12.889,-6.88],[8.519,-1.223],[-3.428,-9.367],[1.865,-10.772],[-8.077,4.514],[-9.48,-0.782],[-2.745,4.033],[3.789,8.847],[8.159,3.351],[13.53,-1.544],[15.775,-0.26]],"c":true},"ix":2},"nm":"Path 1","mn":"ADBE Vector Shape - Group","hd":false},{"ty":"fl","c":{"a":0,"k":[0.929411824544,0.768627510819,0.513725490196,1],"ix":4},"o":{"a":0,"k":100,"ix":5},"r":1,"bm":0,"nm":"Fill 1","mn":"ADBE Vector Graphic - Fill","hd":false},{"ty":"tr","p":{"a":1,"k":[{"i":{"x":0.667,"y":1},"o":{"x":0.333,"y":0},"t":0,"s":[84.766,55.144],"to":[0,-3.333],"ti":[0,0]},{"i":{"x":0.667,"y":1},"o":{"x":0.333,"y":0},"t":90,"s":[84.766,35.144],"to":[0,0],"ti":[0,-3.333]},{"t":180.00000733155,"s":[84.766,55.144]}],"ix":2},"a":{"a":0,"k":[0,0],"ix":1},"s":{"a":0,"k":[100,100],"ix":3},"r":{"a":0,"k":0,"ix":6},"o":{"a":0,"k":100,"ix":7},"sk":{"a":0,"k":0,"ix":4},"sa":{"a":0,"k":0,"ix":5},"nm":"Transform"}],"nm":"Group 5","np":4,"cix":2,"bm":0,"ix":5,"mn":"ADBE Vector Group","hd":false},{"ty":"gr","it":[{"ind":0,"ty":"sh","ix":1,"ks":{"a":0,"k":{"i":[[0,0],[1.925,3.049],[5.252,-2.648],[5.812,2.527],[-8.579,6.58],[0.401,-2.647],[-3.207,-3.209],[-4.249,1.885],[-4.69,-1.886],[6.454,-7.422],[0.2,1.444]],"o":[[-0.522,-3.45],[-3.848,-6.058],[-5.251,2.648],[-9.181,-3.972],[2.766,-2.126],[-0.602,3.691],[4.25,4.253],[4.57,-2.046],[8.098,3.29],[-0.922,1.044],[0,0]],"v":[[18.281,17.091],[15.955,7.342],[1.403,5.456],[-14.832,7.262],[-19.523,-16.891],[-14.311,-12.879],[-13.51,-1.886],[-0.04,-3.089],[14.071,-3.731],[21.648,17.973],[18.361,17.091]],"c":true},"ix":2},"nm":"Path 1","mn":"ADBE Vector Shape - Group","hd":false},{"ty":"fl","c":{"a":0,"k":[0.431372578939,0.196078446332,0.505882352941,1],"ix":4},"o":{"a":0,"k":100,"ix":5},"r":1,"bm":0,"nm":"Fill 1","mn":"ADBE Vector Graphic - Fill","hd":false},{"ty":"tr","p":{"a":1,"k":[{"i":{"x":0.667,"y":1},"o":{"x":0.333,"y":0},"t":0,"s":[121.423,175.644],"to":[0,-1.333],"ti":[0,0]},{"i":{"x":0.667,"y":1},"o":{"x":0.333,"y":0},"t":90,"s":[121.423,167.644],"to":[0,0],"ti":[0,-1.333]},{"t":179.000007290819,"s":[121.423,175.644]}],"ix":2},"a":{"a":0,"k":[0,0],"ix":1},"s":{"a":0,"k":[100,100],"ix":3},"r":{"a":0,"k":0,"ix":6},"o":{"a":0,"k":100,"ix":7},"sk":{"a":0,"k":0,"ix":4},"sa":{"a":0,"k":0,"ix":5},"nm":"Transform"}],"nm":"Group 6","np":4,"cix":2,"bm":0,"ix":6,"mn":"ADBE Vector Group","hd":false},{"ty":"gr","it":[{"ind":0,"ty":"sh","ix":1,"ks":{"a":0,"k":{"i":[[0,0],[8.178,-18.816],[-18.481,-8.866],[-9.541,18.174],[17.84,10.191]],"o":[[-19.082,-7.543],[-8.218,18.817],[18.48,8.867],[9.541,-18.174],[0,0]],"v":[[14.729,-37.281],[-36.704,-15.978],[-17.301,36.218],[35.535,18.686],[19.9,-34.794]],"c":false},"ix":2},"nm":"Path 1","mn":"ADBE Vector Shape - Group","hd":false},{"ty":"fl","c":{"a":0,"k":[0.90588241278,0.960784373564,1,1],"ix":4},"o":{"a":0,"k":100,"ix":5},"r":1,"bm":0,"nm":"Fill 1","mn":"ADBE Vector Graphic - Fill","hd":false},{"ty":"tr","p":{"a":0,"k":[390.562,54.412],"ix":2},"a":{"a":0,"k":[0,0],"ix":1},"s":{"a":0,"k":[100,100],"ix":3},"r":{"a":0,"k":0,"ix":6},"o":{"a":0,"k":100,"ix":7},"sk":{"a":0,"k":0,"ix":4},"sa":{"a":0,"k":0,"ix":5},"nm":"Transform"}],"nm":"Group 7","np":4,"cix":2,"bm":0,"ix":7,"mn":"ADBE Vector Group","hd":false},{"ty":"gr","it":[{"ind":0,"ty":"sh","ix":1,"ks":{"a":0,"k":{"i":[[4.931,4.935],[3.968,-3.972],[-4.93,-4.935],[-3.969,3.972]],"o":[[-4.931,-4.935],[-3.969,3.972],[4.931,4.935],[3.969,-3.972]],"v":[[7.216,-7.222],[-8.899,-8.907],[-7.216,7.221],[8.9,8.906]],"c":true},"ix":2},"nm":"Path 1","mn":"ADBE Vector Shape - Group","hd":false},{"ty":"fl","c":{"a":0,"k":[0.84313731474,0.819607902976,0.909803981407,1],"ix":4},"o":{"a":0,"k":100,"ix":5},"r":1,"bm":0,"nm":"Fill 1","mn":"ADBE Vector Graphic - Fill","hd":false},{"ty":"tr","p":{"a":0,"k":[108.238,285.171],"ix":2},"a":{"a":0,"k":[0,0],"ix":1},"s":{"a":0,"k":[100,100],"ix":3},"r":{"a":0,"k":0,"ix":6},"o":{"a":0,"k":100,"ix":7},"sk":{"a":0,"k":0,"ix":4},"sa":{"a":0,"k":0,"ix":5},"nm":"Transform"}],"nm":"Group 8","np":4,"cix":2,"bm":0,"ix":8,"mn":"ADBE Vector Group","hd":false},{"ty":"gr","it":[{"ind":0,"ty":"sh","ix":1,"ks":{"a":0,"k":{"i":[[3.127,3.129],[2.526,-2.528],[-3.127,-3.129],[-2.525,2.527]],"o":[[-3.127,-3.129],[-2.525,2.527],[3.127,3.13],[2.526,-2.528]],"v":[[4.59,-4.594],[-5.673,-5.677],[-4.59,4.594],[5.672,5.677]],"c":true},"ix":2},"nm":"Path 1","mn":"ADBE Vector Shape - Group","hd":false},{"ty":"fl","c":{"a":0,"k":[0.84313731474,0.819607902976,0.909803981407,1],"ix":4},"o":{"a":0,"k":100,"ix":5},"r":1,"bm":0,"nm":"Fill 1","mn":"ADBE Vector Graphic - Fill","hd":false},{"ty":"tr","p":{"a":0,"k":[108.539,284.87],"ix":2},"a":{"a":0,"k":[0,0],"ix":1},"s":{"a":0,"k":[100,100],"ix":3},"r":{"a":0,"k":0,"ix":6},"o":{"a":0,"k":100,"ix":7},"sk":{"a":0,"k":0,"ix":4},"sa":{"a":0,"k":0,"ix":5},"nm":"Transform"}],"nm":"Group 9","np":4,"cix":2,"bm":0,"ix":9,"mn":"ADBE Vector Group","hd":false},{"ty":"gr","it":[{"ind":0,"ty":"sh","ix":1,"ks":{"a":0,"k":{"i":[[0,0],[0,0],[0,0],[0,0]],"o":[[0,0],[0,0],[0,0],[0,0]],"v":[[38.144,-44.111],[74.103,44.112],[-41.03,41.625],[-74.103,-42.065]],"c":true},"ix":2},"nm":"Path 1","mn":"ADBE Vector Shape - Group","hd":false},{"ty":"fl","c":{"a":0,"k":[0.501960784314,0.705882352941,1,1],"ix":4},"o":{"a":0,"k":100,"ix":5},"r":1,"bm":0,"nm":"Fill 1","mn":"ADBE Vector Graphic - Fill","hd":false},{"ty":"tr","p":{"a":0,"k":[112.748,285.23],"ix":2},"a":{"a":0,"k":[0,0],"ix":1},"s":{"a":0,"k":[100,100],"ix":3},"r":{"a":0,"k":0,"ix":6},"o":{"a":0,"k":100,"ix":7},"sk":{"a":0,"k":0,"ix":4},"sa":{"a":0,"k":0,"ix":5},"nm":"Transform"}],"nm":"Group 10","np":4,"cix":2,"bm":0,"ix":10,"mn":"ADBE Vector Group","hd":false},{"ty":"gr","it":[{"ind":0,"ty":"sh","ix":1,"ks":{"a":0,"k":{"i":[[0,0],[0,0],[0,0],[0,0]],"o":[[0,0],[0,0],[0,0],[0,0]],"v":[[76.388,44.172],[41.271,-44.171],[-76.388,-42.005],[-43.315,41.685]],"c":true},"ix":2},"nm":"Path 1","mn":"ADBE Vector Shape - Group","hd":false},{"ty":"fl","c":{"a":0,"k":[0.341176470588,0.603921568627,0.917647118662,1],"ix":4},"o":{"a":0,"k":100,"ix":5},"r":1,"bm":0,"nm":"Fill 1","mn":"ADBE Vector Graphic - Fill","hd":false},{"ty":"tr","p":{"a":0,"k":[115.033,285.171],"ix":2},"a":{"a":0,"k":[0,0],"ix":1},"s":{"a":0,"k":[100,100],"ix":3},"r":{"a":0,"k":0,"ix":6},"o":{"a":0,"k":100,"ix":7},"sk":{"a":0,"k":0,"ix":4},"sa":{"a":0,"k":0,"ix":5},"nm":"Transform"}],"nm":"Group 11","np":4,"cix":2,"bm":0,"ix":11,"mn":"ADBE Vector Group","hd":false},{"ty":"gr","it":[{"ind":0,"ty":"sh","ix":1,"ks":{"a":0,"k":{"i":[[0,0],[0.922,-2.246],[1.323,2.046],[0,0.963],[0.04,6.54],[2.405,9.308],[5.211,2.728],[2.405,-0.321],[2.365,-1.685],[2.044,4.614],[-4.45,2.688],[-6.535,-0.802],[-12.066,-1.444],[-1.804,-1.444],[-0.681,-2.287],[0.241,-9.428],[2.526,-1.444]],"o":[[0.762,2.327],[-0.962,2.247],[-0.522,-0.802],[-0.04,-6.58],[-9.461,-1.685],[-5.011,3.049],[-2.125,-1.124],[-2.886,0.402],[-4.129,2.929],[-2.125,-4.774],[5.613,-3.41],[12.066,1.444],[2.325,0.281],[1.884,1.485],[2.686,9.067],[-0.08,2.889],[0,0]],"v":[[33.013,19.598],[33.613,26.74],[27.801,28.024],[27.24,25.256],[27.079,5.557],[7.035,-12.979],[-9.802,-12.416],[-16.496,-14.864],[-23.431,-9.809],[-36.219,-13.299],[-31.008,-26.66],[-11.766,-28.626],[24.434,-24.333],[31.008,-22.286],[34.415,-16.107],[38.103,11.896],[34.977,19.598]],"c":false},"ix":2},"nm":"Path 1","mn":"ADBE Vector Shape - Group","hd":false},{"ty":"fl","c":{"a":0,"k":[0.215686289469,0.258823529412,0.388235324037,1],"ix":4},"o":{"a":0,"k":100,"ix":5},"r":1,"bm":0,"nm":"Fill 1","mn":"ADBE Vector Graphic - Fill","hd":false},{"ty":"tr","p":{"a":0,"k":[271.858,46.238],"ix":2},"a":{"a":0,"k":[0,0],"ix":1},"s":{"a":0,"k":[100,100],"ix":3},"r":{"a":0,"k":0,"ix":6},"o":{"a":0,"k":100,"ix":7},"sk":{"a":0,"k":0,"ix":4},"sa":{"a":0,"k":0,"ix":5},"nm":"Transform"}],"nm":"Group 12","np":4,"cix":2,"bm":0,"ix":12,"mn":"ADBE Vector Group","hd":false},{"ty":"gr","it":[{"ind":0,"ty":"sh","ix":1,"ks":{"a":0,"k":{"i":[[0,0],[0,0],[0,0],[0,0],[0,0],[0,0],[0,0],[0,0],[0,0]],"o":[[0,0],[0,0],[0,0],[0,0],[0,0],[0,0],[0,0],[0,0],[0,0]],"v":[[20.966,-5.697],[19.964,-17.091],[-2.686,0.602],[-8.339,9.749],[-18.481,-13.881],[-20.966,-10.591],[-20.966,3.732],[-10.022,17.091],[10.663,15.286]],"c":true},"ix":2},"nm":"Path 1","mn":"ADBE Vector Shape - Group","hd":false},{"ty":"fl","c":{"a":0,"k":[0.976470648074,0.980392216701,0.992156922583,1],"ix":4},"o":{"a":0,"k":100,"ix":5},"r":1,"bm":0,"nm":"Fill 1","mn":"ADBE Vector Graphic - Fill","hd":false},{"ty":"tr","p":{"a":0,"k":[277.01,136.968],"ix":2},"a":{"a":0,"k":[0,0],"ix":1},"s":{"a":0,"k":[100,100],"ix":3},"r":{"a":0,"k":0,"ix":6},"o":{"a":0,"k":100,"ix":7},"sk":{"a":0,"k":0,"ix":4},"sa":{"a":0,"k":0,"ix":5},"nm":"Transform"}],"nm":"Group 13","np":4,"cix":2,"bm":0,"ix":13,"mn":"ADBE Vector Group","hd":false},{"ty":"gr","it":[{"ind":0,"ty":"sh","ix":1,"ks":{"a":0,"k":{"i":[[0,0],[0,0],[-11.626,5.818],[-0.16,0.08],[0.2,6.981],[0,0],[0,0]],"o":[[0,0],[0.561,12.999],[0.16,-0.08],[6.254,-3.13],[-0.481,-16.289],[0,0],[0,0]],"v":[[-19.242,-33.701],[-17.198,12.638],[8.74,27.883],[9.18,27.643],[19.082,11.033],[18.4,-33.299],[-19.283,-33.701]],"c":true},"ix":2},"nm":"Path 1","mn":"ADBE Vector Shape - Group","hd":false},{"ty":"fl","c":{"a":0,"k":[1,0.737254901961,0.588235294118,1],"ix":4},"o":{"a":0,"k":100,"ix":5},"r":1,"bm":0,"nm":"Fill 1","mn":"ADBE Vector Graphic - Fill","hd":false},{"ty":"tr","p":{"a":0,"k":[277.049,119.436],"ix":2},"a":{"a":0,"k":[0,0],"ix":1},"s":{"a":0,"k":[100,100],"ix":3},"r":{"a":0,"k":0,"ix":6},"o":{"a":0,"k":100,"ix":7},"sk":{"a":0,"k":0,"ix":4},"sa":{"a":0,"k":0,"ix":5},"nm":"Transform"}],"nm":"Group 14","np":4,"cix":2,"bm":0,"ix":14,"mn":"ADBE Vector Group","hd":false},{"ty":"gr","it":[{"ind":0,"ty":"sh","ix":1,"ks":{"a":0,"k":{"i":[[0,0],[0,0],[0,-10.712],[0,0],[35.197,-2.127],[-1.604,30.25],[0,0]],"o":[[0,0],[0,0],[0,13.48],[0,0],[-41.211,2.487],[0,0],[0,0]],"v":[[29.906,-42.687],[31.549,-4.694],[43.215,5.858],[30.587,17.051],[-2.004,44.854],[-32.832,-47.341],[29.946,-42.727]],"c":true},"ix":2},"nm":"Path 1","mn":"ADBE Vector Shape - Group","hd":false},{"ty":"fl","c":{"a":0,"k":[1,0.737254901961,0.588235294118,1],"ix":4},"o":{"a":0,"k":100,"ix":5},"r":1,"bm":0,"nm":"Fill 1","mn":"ADBE Vector Graphic - Fill","hd":false},{"ty":"tr","p":{"a":0,"k":[273.923,70.45],"ix":2},"a":{"a":0,"k":[0,0],"ix":1},"s":{"a":0,"k":[100,100],"ix":3},"r":{"a":0,"k":0,"ix":6},"o":{"a":0,"k":100,"ix":7},"sk":{"a":0,"k":0,"ix":4},"sa":{"a":0,"k":0,"ix":5},"nm":"Transform"}],"nm":"Group 15","np":4,"cix":2,"bm":0,"ix":15,"mn":"ADBE Vector Group","hd":false},{"ty":"gr","it":[{"ind":0,"ty":"sh","ix":1,"ks":{"a":0,"k":{"i":[[-8.86,-4.252],[17.238,-21.665],[-7.256,22.828]],"o":[[0,0],[0,0],[0,0]],"v":[[24.595,-40.722],[-17.339,44.974],[-17.339,-41.002]],"c":true},"ix":2},"nm":"Path 1","mn":"ADBE Vector Shape - Group","hd":false},{"ty":"fl","c":{"a":0,"k":[0.976470648074,0.980392216701,0.992156922583,1],"ix":4},"o":{"a":0,"k":100,"ix":5},"r":1,"bm":0,"nm":"Fill 1","mn":"ADBE Vector Graphic - Fill","hd":false},{"ty":"tr","p":{"a":0,"k":[275.105,172.635],"ix":2},"a":{"a":0,"k":[0,0],"ix":1},"s":{"a":0,"k":[100,100],"ix":3},"r":{"a":0,"k":0,"ix":6},"o":{"a":0,"k":100,"ix":7},"sk":{"a":0,"k":0,"ix":4},"sa":{"a":0,"k":0,"ix":5},"nm":"Transform"}],"nm":"Group 16","np":4,"cix":2,"bm":0,"ix":16,"mn":"ADBE Vector Group","hd":false},{"ty":"gr","it":[{"ind":0,"ty":"sh","ix":1,"ks":{"a":0,"k":{"i":[[0,0],[1.644,1.485],[2.004,0.963],[0.401,2.166],[1.404,4.011],[2.245,3.29],[1.524,4.092],[2.967,-0.441],[1.684,-2.487],[0.882,-2.889],[-1.924,-3.41],[0.762,-1.846],[0.841,-0.843],[-0.963,-2.809],[-8.017,-0.883],[-4.25,6.861]],"o":[[1.483,-1.645],[-1.603,-1.524],[-2.005,-0.963],[-0.722,-4.173],[-1.322,-3.772],[-2.486,-3.57],[-1.042,-2.808],[-2.967,0.442],[-1.684,2.488],[-1.162,3.731],[0.962,1.725],[-0.441,1.123],[-2.125,2.086],[2.685,7.622],[8.018,0.883],[0,0]],"v":[[18.756,21.422],[17.793,15.524],[11.981,12.395],[7.611,7.741],[10.978,-4.134],[1.518,-10.915],[0.876,-23.753],[-6.5,-27.645],[-13.716,-22.67],[-17.244,-14.405],[-17.484,-2.971],[-15.52,2.405],[-18.045,4.933],[-18.967,13.318],[-0.968,27.6],[19.678,17.53]],"c":false},"ix":2},"nm":"Path 1","mn":"ADBE Vector Shape - Group","hd":false},{"ty":"fl","c":{"a":0,"k":[0.976470648074,0.980392216701,0.992156922583,1],"ix":4},"o":{"a":0,"k":100,"ix":5},"r":1,"bm":0,"nm":"Fill 1","mn":"ADBE Vector Graphic - Fill","hd":false},{"ty":"tr","p":{"a":0,"k":[372.666,287.018],"ix":2},"a":{"a":0,"k":[0,0],"ix":1},"s":{"a":0,"k":[100,100],"ix":3},"r":{"a":0,"k":0,"ix":6},"o":{"a":0,"k":100,"ix":7},"sk":{"a":0,"k":0,"ix":4},"sa":{"a":0,"k":0,"ix":5},"nm":"Transform"}],"nm":"Group 17","np":4,"cix":2,"bm":0,"ix":17,"mn":"ADBE Vector Group","hd":false},{"ty":"gr","it":[{"ind":0,"ty":"sh","ix":1,"ks":{"a":0,"k":{"i":[[0,0],[-0.801,-0.401],[-1.483,-0.521],[-4.851,-0.2],[-3.047,0.843],[-0.841,0.321],[0,0.04],[3.047,-0.722],[4.77,0.161],[2.967,0.963],[0.08,-0.12]],"o":[[0,0],[0.762,0.401],[2.967,1.084],[4.85,0.201],[1.523,-0.401],[0.802,-0.321],[-0.04,-0.12],[-3.046,0.722],[-4.771,-0.2],[-2.966,-0.963],[0,0]],"v":[[-16.917,-2.247],[-15.715,-1.565],[-12.267,-0.121],[-0.16,2.206],[12.107,0.842],[15.674,-0.321],[16.917,-0.923],[11.986,0.361],[-0.12,1.524],[-12.107,-0.602],[-16.917,-2.287]],"c":true},"ix":2},"nm":"Path 1","mn":"ADBE Vector Shape - Group","hd":false},{"ty":"fl","c":{"a":0,"k":[0.698039215686,0.521568627451,0.376470618154,1],"ix":4},"o":{"a":0,"k":100,"ix":5},"r":1,"bm":0,"nm":"Fill 1","mn":"ADBE Vector Graphic - Fill","hd":false},{"ty":"tr","p":{"a":0,"k":[376.188,324.247],"ix":2},"a":{"a":0,"k":[0,0],"ix":1},"s":{"a":0,"k":[100,100],"ix":3},"r":{"a":0,"k":0,"ix":6},"o":{"a":0,"k":100,"ix":7},"sk":{"a":0,"k":0,"ix":4},"sa":{"a":0,"k":0,"ix":5},"nm":"Transform"}],"nm":"Group 18","np":4,"cix":2,"bm":0,"ix":18,"mn":"ADBE Vector Group","hd":false},{"ty":"gr","it":[{"ind":0,"ty":"sh","ix":1,"ks":{"a":0,"k":{"i":[[0,0],[-0.802,-0.361],[-1.524,-0.442],[-4.891,-0.161],[-3.127,0.762],[-0.802,0.321],[0,0.04],[3.086,-0.561],[4.81,0.161],[3.046,0.802],[0.04,-0.121]],"o":[[0,0],[0.801,0.361],[3.046,0.922],[4.89,0.16],[1.563,-0.361],[0.842,-0.281],[0,-0.12],[-3.087,0.602],[-4.811,-0.16],[-3.047,-0.802],[0,0]],"v":[[-17.178,-1.906],[-15.935,-1.304],[-12.367,-0.06],[-0.1,1.946],[12.287,0.742],[15.895,-0.301],[17.178,-0.823],[12.167,0.22],[-0.1,1.183],[-12.247,-0.582],[-17.178,-1.986]],"c":true},"ix":2},"nm":"Path 1","mn":"ADBE Vector Shape - Group","hd":false},{"ty":"fl","c":{"a":0,"k":[0.698039215686,0.521568627451,0.376470618154,1],"ix":4},"o":{"a":0,"k":100,"ix":5},"r":1,"bm":0,"nm":"Fill 1","mn":"ADBE Vector Graphic - Fill","hd":false},{"ty":"tr","p":{"a":0,"k":[375.607,327.557],"ix":2},"a":{"a":0,"k":[0,0],"ix":1},"s":{"a":0,"k":[100,100],"ix":3},"r":{"a":0,"k":0,"ix":6},"o":{"a":0,"k":100,"ix":7},"sk":{"a":0,"k":0,"ix":4},"sa":{"a":0,"k":0,"ix":5},"nm":"Transform"}],"nm":"Group 19","np":4,"cix":2,"bm":0,"ix":19,"mn":"ADBE Vector Group","hd":false},{"ty":"gr","it":[{"ind":0,"ty":"sh","ix":1,"ks":{"a":0,"k":{"i":[[16.556,12.999],[-14.953,-4.253]],"o":[[0,0],[0,0]],"v":[[-15.955,-4.453],[15.955,-4.292]],"c":true},"ix":2},"nm":"Path 1","mn":"ADBE Vector Shape - Group","hd":false},{"ty":"fl","c":{"a":0,"k":[0.85882358925,0.61568627451,0.415686304429,1],"ix":4},"o":{"a":0,"k":100,"ix":5},"r":1,"bm":0,"nm":"Fill 1","mn":"ADBE Vector Graphic - Fill","hd":false},{"ty":"tr","p":{"a":0,"k":[376.108,312.772],"ix":2},"a":{"a":0,"k":[0,0],"ix":1},"s":{"a":0,"k":[100,100],"ix":3},"r":{"a":0,"k":0,"ix":6},"o":{"a":0,"k":100,"ix":7},"sk":{"a":0,"k":0,"ix":4},"sa":{"a":0,"k":0,"ix":5},"nm":"Transform"}],"nm":"Group 20","np":4,"cix":2,"bm":0,"ix":20,"mn":"ADBE Vector Group","hd":false},{"ty":"gr","it":[{"ind":0,"ty":"sh","ix":1,"ks":{"a":0,"k":{"i":[[0,0],[0,0],[0,0],[-0.802,9.79]],"o":[[0.441,-5.296],[0,0],[0,0],[0,0]],"v":[[18.742,-5.797],[14.853,-9.368],[12.568,5.556],[18.781,-5.838]],"c":true},"ix":2},"nm":"Path 1","mn":"ADBE Vector Shape - Group","hd":false},{"ind":1,"ty":"sh","ix":2,"ks":{"a":0,"k":{"i":[[0,0],[-18.039,-7.342],[0,0],[0,-6.259],[8.378,-3.41],[0,0],[8.098,3.932],[1.563,6.259]],"o":[[0,0],[0,0],[0,0],[0,6.258],[0,0],[0,0],[0,0],[-1.123,-4.533]],"v":[[-21.948,-18.034],[15.414,-18.034],[15.414,-13.861],[21.948,-8.124],[11.486,9.929],[7.837,21.444],[-15.935,21.444],[-19.342,9.167]],"c":true},"ix":2},"nm":"Path 2","mn":"ADBE Vector Shape - Group","hd":false},{"ty":"mm","mm":1,"nm":"Merge Paths 1","mn":"ADBE Vector Filter - Merge","hd":false},{"ty":"fl","c":{"a":0,"k":[0.980392216701,0.760784373564,0.549019607843,1],"ix":4},"o":{"a":0,"k":100,"ix":5},"r":1,"bm":0,"nm":"Fill 1","mn":"ADBE Vector Graphic - Fill","hd":false},{"ty":"tr","p":{"a":0,"k":[379.495,325.912],"ix":2},"a":{"a":0,"k":[0,0],"ix":1},"s":{"a":0,"k":[100,100],"ix":3},"r":{"a":0,"k":0,"ix":6},"o":{"a":0,"k":100,"ix":7},"sk":{"a":0,"k":0,"ix":4},"sa":{"a":0,"k":0,"ix":5},"nm":"Transform"}],"nm":"Group 21","np":6,"cix":2,"bm":0,"ix":21,"mn":"ADBE Vector Group","hd":false},{"ty":"gr","it":[{"ind":0,"ty":"sh","ix":1,"ks":{"a":0,"k":{"i":[[0,-2.127],[-12.347,0],[0,2.126],[12.347,0]],"o":[[0,2.166],[12.347,0],[0,-2.127],[-12.347,0]],"v":[[-22.369,0],[0,3.892],[22.369,0],[0,-3.892]],"c":true},"ix":2},"nm":"Path 1","mn":"ADBE Vector Shape - Group","hd":false},{"ty":"fl","c":{"a":0,"k":[0.721568627451,0.670588235294,0.839215746113,1],"ix":4},"o":{"a":0,"k":100,"ix":5},"r":1,"bm":0,"nm":"Fill 1","mn":"ADBE Vector Graphic - Fill","hd":false},{"ty":"tr","p":{"a":0,"k":[365.605,349.081],"ix":2},"a":{"a":0,"k":[0,0],"ix":1},"s":{"a":0,"k":[100,100],"ix":3},"r":{"a":0,"k":0,"ix":6},"o":{"a":0,"k":100,"ix":7},"sk":{"a":0,"k":0,"ix":4},"sa":{"a":0,"k":0,"ix":5},"nm":"Transform"}],"nm":"Group 22","np":4,"cix":2,"bm":0,"ix":22,"mn":"ADBE Vector Group","hd":false},{"ty":"gr","it":[{"ind":0,"ty":"sh","ix":1,"ks":{"a":0,"k":{"i":[[0,0],[0,0],[0,0],[0,0]],"o":[[0,0],[0,0],[0,0],[0,0]],"v":[[51.433,4.193],[-46.583,4.193],[-51.433,-4.193],[51.433,-1.224]],"c":true},"ix":2},"nm":"Path 1","mn":"ADBE Vector Shape - Group","hd":false},{"ty":"fl","c":{"a":0,"k":[0.501960784314,0.705882352941,1,1],"ix":4},"o":{"a":0,"k":100,"ix":5},"r":1,"bm":0,"nm":"Fill 1","mn":"ADBE Vector Graphic - Fill","hd":false},{"ty":"tr","p":{"a":0,"k":[238.004,325.15],"ix":2},"a":{"a":0,"k":[0,0],"ix":1},"s":{"a":0,"k":[100,100],"ix":3},"r":{"a":0,"k":0,"ix":6},"o":{"a":0,"k":100,"ix":7},"sk":{"a":0,"k":0,"ix":4},"sa":{"a":0,"k":0,"ix":5},"nm":"Transform"}],"nm":"Group 23","np":4,"cix":2,"bm":0,"ix":23,"mn":"ADBE Vector Group","hd":false},{"ty":"gr","it":[{"ind":0,"ty":"sh","ix":1,"ks":{"a":0,"k":{"i":[[0,0],[44.658,-74.703],[0,0],[0,0],[0,0]],"o":[[0,0],[0,0],[0,0],[0,0],[0,0]],"v":[[43.716,-73.82],[-43.717,29.609],[-25.677,73.82],[21.386,14.042],[43.676,-73.82]],"c":true},"ix":2},"nm":"Path 1","mn":"ADBE Vector Shape - Group","hd":false},{"ty":"fl","c":{"a":0,"k":[1,0.694117647059,0,1],"ix":4},"o":{"a":0,"k":100,"ix":5},"r":1,"bm":0,"nm":"Fill 1","mn":"ADBE Vector Graphic - Fill","hd":false},{"ty":"tr","p":{"a":0,"k":[200.021,211.391],"ix":2},"a":{"a":0,"k":[0,0],"ix":1},"s":{"a":0,"k":[100,100],"ix":3},"r":{"a":0,"k":0,"ix":6},"o":{"a":0,"k":100,"ix":7},"sk":{"a":0,"k":0,"ix":4},"sa":{"a":0,"k":0,"ix":5},"nm":"Transform"}],"nm":"Group 24","np":4,"cix":2,"bm":0,"ix":24,"mn":"ADBE Vector Group","hd":false},{"ty":"gr","it":[{"ind":0,"ty":"sh","ix":1,"ks":{"a":0,"k":{"i":[[0,0],[0,0],[0,0],[0,0],[-11.145,-18.937],[-10.438,-34.105]],"o":[[0,0],[0,0],[0,0],[0,0],[3.693,6.257],[0,0]],"v":[[-10.967,58.655],[-26.562,26.8],[-29.047,-58.655],[-29.087,-58.655],[-0.785,-30.611],[29.087,52.818]],"c":false},"ix":2},"nm":"Path 1","mn":"ADBE Vector Shape - Group","hd":false},{"ty":"fl","c":{"a":0,"k":[0.956862804936,0.670588235294,0.023529413635,1],"ix":4},"o":{"a":0,"k":100,"ix":5},"r":1,"bm":0,"nm":"Fill 1","mn":"ADBE Vector Graphic - Fill","hd":false},{"ty":"tr","p":{"a":0,"k":[362.421,201.561],"ix":2},"a":{"a":0,"k":[0,0],"ix":1},"s":{"a":0,"k":[100,100],"ix":3},"r":{"a":0,"k":0,"ix":6},"o":{"a":0,"k":100,"ix":7},"sk":{"a":0,"k":0,"ix":4},"sa":{"a":0,"k":0,"ix":5},"nm":"Transform"}],"nm":"Group 25","np":4,"cix":2,"bm":0,"ix":25,"mn":"ADBE Vector Group","hd":false},{"ty":"gr","it":[{"ind":0,"ty":"sh","ix":1,"ks":{"a":0,"k":{"i":[[0,0],[-44.819,-1.043],[-14.633,-32.698],[0,0],[0,0],[0,0],[0,0]],"o":[[0.641,-1.966],[42.012,1.003],[0,0],[0,0],[0,0],[0,0],[0,0]],"v":[[-59.912,-52.777],[-10.042,-96.227],[69.974,-60.119],[54.379,1.665],[51.132,97.27],[-69.974,93.378],[-59.872,-52.777]],"c":true},"ix":2},"nm":"Path 1","mn":"ADBE Vector Shape - Group","hd":false},{"ty":"fl","c":{"a":0,"k":[1,0.694117647059,0,1],"ix":4},"o":{"a":0,"k":100,"ix":5},"r":1,"bm":0,"nm":"Fill 1","mn":"ADBE Vector Graphic - Fill","hd":false},{"ty":"tr","p":{"a":0,"k":[281.52,226.656],"ix":2},"a":{"a":0,"k":[0,0],"ix":1},"s":{"a":0,"k":[100,100],"ix":3},"r":{"a":0,"k":0,"ix":6},"o":{"a":0,"k":100,"ix":7},"sk":{"a":0,"k":0,"ix":4},"sa":{"a":0,"k":0,"ix":5},"nm":"Transform"}],"nm":"Group 26","np":4,"cix":2,"bm":0,"ix":26,"mn":"ADBE Vector Group","hd":false},{"ty":"gr","it":[{"ind":0,"ty":"sh","ix":1,"ks":{"a":0,"k":{"i":[[0,0],[-11.184,-18.936],[17.157,-13.48],[0,0],[0,0],[0,0],[0,0],[0,0]],"o":[[0,0],[9.662,16.369],[-17.118,13.48],[0,0],[0,0],[0,0],[0,0],[0,0]],"v":[[-22.596,-86.201],[28.516,-49.652],[67.241,76.364],[-63.647,85.551],[-71.023,54.94],[18.333,39.614],[-36.428,-8.569],[-22.557,-86.201]],"c":true},"ix":2},"nm":"Path 1","mn":"ADBE Vector Shape - Group","hd":false},{"ty":"fl","c":{"a":0,"k":[0.721568627451,0.670588235294,0.839215746113,1],"ix":4},"o":{"a":0,"k":100,"ix":5},"r":1,"bm":0,"nm":"Fill 1","mn":"ADBE Vector Graphic - Fill","hd":false},{"ty":"tr","p":{"a":0,"k":[344.185,211.294],"ix":2},"a":{"a":0,"k":[0,0],"ix":1},"s":{"a":0,"k":[100,100],"ix":3},"r":{"a":0,"k":0,"ix":6},"o":{"a":0,"k":100,"ix":7},"sk":{"a":0,"k":0,"ix":4},"sa":{"a":0,"k":0,"ix":5},"nm":"Transform"}],"nm":"Group 27","np":4,"cix":2,"bm":0,"ix":27,"mn":"ADBE Vector Group","hd":false},{"ty":"gr","it":[{"ind":0,"ty":"sh","ix":1,"ks":{"a":0,"k":{"i":[[0,0],[0,0],[0,0],[0,0]],"o":[[0,0],[0,0],[0,0],[0,0]],"v":[[41.271,100.359],[79.114,-100.359],[-36.38,-100.359],[-79.114,96.868]],"c":true},"ix":2},"nm":"Path 1","mn":"ADBE Vector Shape - Group","hd":false},{"ty":"fl","c":{"a":0,"k":[0.635294117647,0.764705942191,0.949019667682,1],"ix":4},"o":{"a":0,"k":100,"ix":5},"r":1,"bm":0,"nm":"Fill 1","mn":"ADBE Vector Graphic - Fill","hd":false},{"ty":"tr","p":{"a":0,"k":[359.211,225.453],"ix":2},"a":{"a":0,"k":[0,0],"ix":1},"s":{"a":0,"k":[100,100],"ix":3},"r":{"a":0,"k":0,"ix":6},"o":{"a":0,"k":100,"ix":7},"sk":{"a":0,"k":0,"ix":4},"sa":{"a":0,"k":0,"ix":5},"nm":"Transform"}],"nm":"Group 28","np":4,"cix":2,"bm":0,"ix":28,"mn":"ADBE Vector Group","hd":false},{"ty":"gr","it":[{"ind":0,"ty":"sh","ix":1,"ks":{"a":0,"k":{"i":[[0,0],[0,0],[0,0],[0,0]],"o":[[0,0],[0,0],[0,0],[0,0]],"v":[[43.235,100.499],[79.114,-100.499],[-36.34,-100.499],[-79.114,96.728]],"c":true},"ix":2},"nm":"Path 1","mn":"ADBE Vector Shape - Group","hd":false},{"ty":"fl","c":{"a":0,"k":[0.466666696586,0.643137254902,0.85882358925,1],"ix":4},"o":{"a":0,"k":100,"ix":5},"r":1,"bm":0,"nm":"Fill 1","mn":"ADBE Vector Graphic - Fill","hd":false},{"ty":"tr","p":{"a":0,"k":[366.146,225.593],"ix":2},"a":{"a":0,"k":[0,0],"ix":1},"s":{"a":0,"k":[100,100],"ix":3},"r":{"a":0,"k":0,"ix":6},"o":{"a":0,"k":100,"ix":7},"sk":{"a":0,"k":0,"ix":4},"sa":{"a":0,"k":0,"ix":5},"nm":"Transform"}],"nm":"Group 29","np":4,"cix":2,"bm":0,"ix":29,"mn":"ADBE Vector Group","hd":false},{"ty":"gr","it":[{"ind":0,"ty":"sh","ix":1,"ks":{"a":0,"k":{"i":[[0,0],[-0.481,6.459],[-2.646,5.898],[-0.04,5.136],[0.962,3.771],[0.882,5.336],[10.262,-1.364],[5.091,0.722],[4.93,2.889],[7.096,-3.651],[-0.882,-7.903],[-7.938,-0.441],[-4.53,1.124],[-3.848,-2.608],[-5.812,-0.522],[-2.806,1.244],[-1.604,-2.647],[0.32,-2.528],[-4.209,-2.046],[3.848,-12.357]],"o":[[13.309,4.815],[0.481,-6.459],[2.125,-4.694],[0,-3.931],[-1.363,-5.216],[-1.684,-10.231],[-5.132,0.682],[-5.652,-0.762],[-6.855,-4.052],[-7.095,3.651],[0.842,7.904],[4.65,0.241],[4.489,-1.163],[4.851,3.289],[3.087,0.281],[2.847,-1.244],[1.323,2.207],[-0.522,4.654],[1.684,12.838],[0,0]],"v":[[27.721,49.126],[36.821,32.316],[39.587,13.219],[45.761,-0.783],[42.433,-11.976],[41.471,-28.104],[18.942,-44.834],[3.748,-42.226],[-11.044,-50.491],[-33.895,-51.534],[-44.879,-31.956],[-29.204,-16.55],[-15.574,-19.198],[-2.105,-18.154],[10.643,-6.72],[19.302,-9.649],[27.681,-8.486],[27.601,-0.983],[32.371,10.371],[26.358,47.883]],"c":false},"ix":2},"nm":"Path 1","mn":"ADBE Vector Shape - Group","hd":false},{"ty":"fl","c":{"a":0,"k":[0.215686289469,0.258823529412,0.388235324037,1],"ix":4},"o":{"a":0,"k":100,"ix":5},"r":1,"bm":0,"nm":"Fill 1","mn":"ADBE Vector Graphic - Fill","hd":false},{"ty":"tr","p":{"a":0,"k":[272.099,53.941],"ix":2},"a":{"a":0,"k":[0,0],"ix":1},"s":{"a":0,"k":[100,100],"ix":3},"r":{"a":0,"k":0,"ix":6},"o":{"a":0,"k":100,"ix":7},"sk":{"a":0,"k":0,"ix":4},"sa":{"a":0,"k":0,"ix":5},"nm":"Transform"}],"nm":"Group 30","np":4,"cix":2,"bm":0,"ix":30,"mn":"ADBE Vector Group","hd":false},{"ty":"gr","it":[{"ind":0,"ty":"sh","ix":1,"ks":{"a":0,"k":{"i":[[-5.131,63.429],[-2.766,-1.524],[119.783,3.289]],"o":[[0,0],[0,0],[-119.784,-3.29]],"v":[[-234.817,-36.288],[239.948,-24.052],[80.718,36.168]],"c":true},"ix":2},"nm":"Path 1","mn":"ADBE Vector Shape - Group","hd":false},{"ty":"fl","c":{"a":0,"k":[0.850980451995,0.917647118662,0.984313785329,1],"ix":4},"o":{"a":0,"k":100,"ix":5},"r":1,"bm":0,"nm":"Fill 1","mn":"ADBE Vector Graphic - Fill","hd":false},{"ty":"tr","p":{"a":0,"k":[280.237,352.712],"ix":2},"a":{"a":0,"k":[0,0],"ix":1},"s":{"a":0,"k":[100,100],"ix":3},"r":{"a":0,"k":0,"ix":6},"o":{"a":0,"k":100,"ix":7},"sk":{"a":0,"k":0,"ix":4},"sa":{"a":0,"k":0,"ix":5},"nm":"Transform"}],"nm":"Group 31","np":4,"cix":2,"bm":0,"ix":31,"mn":"ADBE Vector Group","hd":false},{"ty":"gr","it":[{"ind":0,"ty":"sh","ix":1,"ks":{"a":0,"k":{"i":[[0,0],[42.133,25.917],[27.38,11.955],[37.723,26.278],[33.794,4.935],[29.425,-17.372],[10.783,-34.623],[-8.539,-35.265],[-7.897,-11.394],[-13.59,-2.688]],"o":[[18.2,-46.017],[-25.456,-15.647],[-42.133,-18.415],[-28.022,-19.498],[-33.795,-4.935],[-31.229,18.414],[-10.784,34.624],[3.247,13.48],[7.898,11.394],[0,0]],"v":[[248.505,141.25],[205.37,11.584],[121.786,-20.231],[10.02,-100.43],[-83.706,-139.467],[-182.644,-121.894],[-247.266,-37.443],[-248.95,70.038],[-233.276,108.312],[-200.123,131.662]],"c":false},"ix":2},"nm":"Path 1","mn":"ADBE Vector Shape - Group","hd":false},{"ty":"fl","c":{"a":0,"k":[0.90588241278,0.960784373564,1,1],"ix":4},"o":{"a":0,"k":100,"ix":5},"r":1,"bm":0,"nm":"Fill 1","mn":"ADBE Vector Graphic - Fill","hd":false},{"ty":"tr","p":{"a":0,"k":[271.64,190.178],"ix":2},"a":{"a":0,"k":[0,0],"ix":1},"s":{"a":0,"k":[100,100],"ix":3},"r":{"a":0,"k":0,"ix":6},"o":{"a":0,"k":100,"ix":7},"sk":{"a":0,"k":0,"ix":4},"sa":{"a":0,"k":0,"ix":5},"nm":"Transform"}],"nm":"Group 32","np":4,"cix":2,"bm":0,"ix":32,"mn":"ADBE Vector Group","hd":false}],"ip":0,"op":360.000014663101,"st":0,"bm":0}],"markers":[]}