{"v":"5.6.3","fr":29.9700012207031,"ip":0,"op":50.0000020365418,"w":500,"h":500,"nm":"call","ddd":0,"assets":[],"layers":[{"ddd":0,"ind":1,"ty":4,"nm":"1","sr":1,"ks":{"o":{"a":0,"k":100,"ix":11},"r":{"a":0,"k":0,"ix":10},"p":{"a":0,"k":[250,250,0],"ix":2},"a":{"a":0,"k":[250,250,0],"ix":1},"s":{"a":1,"k":[{"i":{"x":[0.833,0.833,0.833],"y":[0.833,0.833,0.833]},"o":{"x":[0.167,0.167,0.167],"y":[0.167,0.167,0.167]},"t":0,"s":[80,80,100]},{"i":{"x":[0.833,0.833,0.833],"y":[0.833,0.833,0.833]},"o":{"x":[0.167,0.167,0.167],"y":[0.167,0.167,0.167]},"t":13,"s":[65,65,100]},{"i":{"x":[0.833,0.833,0.833],"y":[0.833,0.833,0.833]},"o":{"x":[0.167,0.167,0.167],"y":[0.167,0.167,0.167]},"t":26,"s":[80,80,100]},{"t":50.0000020365418,"s":[80,80,100]}],"ix":6}},"ao":0,"shapes":[{"ty":"gr","it":[{"ind":0,"ty":"sh","ix":1,"ks":{"a":0,"k":{"i":[[19.066,15.939],[12.653,-1.177],[9.759,-7.434],[3.985,-9.108],[-0.45,-6.004],[-6.206,-18.714],[-3.032,-3.431],[-25.063,-9.248],[-14.439,5.201],[-7.095,8.322],[-1.195,4.344],[1.898,3.296],[20.804,-10.782],[9.089,-1.903],[11.217,6.913],[0.274,3.77],[0,0.001],[-1.869,0.992],[-3.931,9.627]],"o":[[-3.785,-3.164],[-7.775,0.723],[-8.311,6.33],[-3.553,8.123],[1.933,25.764],[15.731,47.441],[39.891,45.15],[18.43,6.8],[14.683,-5.289],[3.615,-4.239],[3.126,-11.373],[-12.767,-22.178],[-8.058,4.176],[-9.405,1.97],[-53.642,-33.055],[-0.118,-1.627],[1.293,-4.318],[5.16,-2.74],[6.768,-16.576]],"v":[[-56.692,-127.961],[-83.096,-138.28],[-105.858,-126.14],[-124.978,-105.503],[-127.709,-83.955],[-118.604,-26.595],[-69.439,59.293],[38.909,129.704],[86.253,134.256],[118.423,108.459],[125.404,96.623],[120.547,71.433],[51.655,47.761],[32.838,59.293],[3.096,50.795],[-59.727,-38.734],[-59.423,-41.77],[-51.532,-49.053],[-40.303,-66.656]],"c":true},"ix":2},"nm":"ÃÂÃÂ¾ÃÂ½ÃÂÃÂÃÂ 1","mn":"ADBE Vector Shape - Group","hd":false},{"ty":"fl","c":{"a":0,"k":[0.995999205346,0.998503681258,0.999105475931,1],"ix":4},"o":{"a":0,"k":100,"ix":5},"r":1,"bm":0,"nm":"ÃÂÃÂ°ÃÂ»ÃÂ¸ÃÂ²ÃÂºÃÂ° 1","mn":"ADBE Vector Graphic - Fill","hd":false},{"ty":"tr","p":{"a":0,"k":[260.469,250.744],"ix":2},"a":{"a":0,"k":[0,0],"ix":1},"s":{"a":0,"k":[100,100],"ix":3},"r":{"a":0,"k":0,"ix":6},"o":{"a":0,"k":100,"ix":7},"sk":{"a":0,"k":0,"ix":4},"sa":{"a":0,"k":0,"ix":5},"nm":"ÃÂÃÂÃÂµÃÂ¾ÃÂ±ÃÂÃÂ°ÃÂ·ÃÂ¾ÃÂ²ÃÂ°ÃÂÃÂ"}],"nm":"ÃÂÃÂÃÂÃÂ¿ÃÂ¿ÃÂ° 1","np":2,"cix":2,"bm":0,"ix":1,"mn":"ADBE Vector Group","hd":false},{"ty":"gr","it":[{"ind":0,"ty":"sh","ix":1,"ks":{"a":0,"k":{"i":[[0,-121.631],[121.63,0],[0,121.631],[-121.632,0]],"o":[[0,121.631],[-121.632,0],[0,-121.631],[121.63,0]],"v":[[220.232,0],[0,220.232],[-220.233,0],[0,-220.232]],"c":true},"ix":2},"nm":"ÃÂÃÂ¾ÃÂ½ÃÂÃÂÃÂ 1","mn":"ADBE Vector Shape - Group","hd":false},{"ty":"fl","c":{"a":0,"k":[0.9411764705882353,0.10980392156862745,0.12549019607843137,1],"ix":4},"o":{"a":0,"k":100,"ix":5},"r":1,"bm":0,"nm":"ÃÂÃÂ°ÃÂ»ÃÂ¸ÃÂ²ÃÂºÃÂ° 1","mn":"ADBE Vector Graphic - Fill","hd":false},{"ty":"tr","p":{"a":0,"k":[256.667,250],"ix":2},"a":{"a":0,"k":[0,0],"ix":1},"s":{"a":0,"k":[100,100],"ix":3},"r":{"a":0,"k":0,"ix":6},"o":{"a":0,"k":100,"ix":7},"sk":{"a":0,"k":0,"ix":4},"sa":{"a":0,"k":0,"ix":5},"nm":"ÃÂÃÂÃÂµÃÂ¾ÃÂ±ÃÂÃÂ°ÃÂ·ÃÂ¾ÃÂ²ÃÂ°ÃÂÃÂ"}],"nm":"ÃÂÃÂÃÂÃÂ¿ÃÂ¿ÃÂ° 2","np":2,"cix":2,"bm":0,"ix":2,"mn":"ADBE Vector Group","hd":false}],"ip":0,"op":50.0000020365418,"st":0,"bm":0},{"ddd":0,"ind":2,"ty":4,"nm":"2","sr":1,"ks":{"o":{"a":0,"k":20,"ix":11},"r":{"a":0,"k":0,"ix":10},"p":{"a":0,"k":[250,250,0],"ix":2},"a":{"a":0,"k":[250,250,0],"ix":1},"s":{"a":1,"k":[{"i":{"x":[0.833,0.833,0.833],"y":[0.833,0.833,0.833]},"o":{"x":[0.167,0.167,0.167],"y":[0.167,0.167,0.167]},"t":0,"s":[80,80,100]},{"i":{"x":[0.833,0.833,0.833],"y":[0.833,0.833,0.833]},"o":{"x":[0.167,0.167,0.167],"y":[0.167,0.167,0.167]},"t":13,"s":[65,65,100]},{"i":{"x":[0.833,0.833,0.833],"y":[0.833,0.833,0.833]},"o":{"x":[0.167,0.167,0.167],"y":[0.167,0.167,0.167]},"t":26,"s":[80,80,100]},{"i":{"x":[0.833,0.833,0.833],"y":[0.833,0.833,0.833]},"o":{"x":[0.167,0.167,0.167],"y":[0.167,0.167,0.167]},"t":39,"s":[108,108,100]},{"t":50.0000020365418,"s":[80,80,100]}],"ix":6}},"ao":0,"shapes":[{"ty":"gr","it":[{"ind":0,"ty":"sh","ix":1,"ks":{"a":0,"k":{"i":[[0,-121.631],[121.63,0],[0,121.631],[-121.632,0]],"o":[[0,121.631],[-121.632,0],[0,-121.631],[121.63,0]],"v":[[220.232,0],[0,220.232],[-220.233,0],[0,-220.232]],"c":true},"ix":2},"nm":"ÃÂÃÂ¾ÃÂ½ÃÂÃÂÃÂ 1","mn":"ADBE Vector Shape - Group","hd":false},{"ty":"fl","c":{"a":0,"k":[0.8470588235294118,0.4,0.40784313725490196,1],"ix":4},"o":{"a":0,"k":100,"ix":5},"r":1,"bm":0,"nm":"ÃÂÃÂ°ÃÂ»ÃÂ¸ÃÂ²ÃÂºÃÂ° 1","mn":"ADBE Vector Graphic - Fill","hd":false},{"ty":"tr","p":{"a":0,"k":[256.667,250],"ix":2},"a":{"a":0,"k":[0,0],"ix":1},"s":{"a":0,"k":[100,100],"ix":3},"r":{"a":0,"k":0,"ix":6},"o":{"a":0,"k":100,"ix":7},"sk":{"a":0,"k":0,"ix":4},"sa":{"a":0,"k":0,"ix":5},"nm":"ÃÂÃÂÃÂµÃÂ¾ÃÂ±ÃÂÃÂ°ÃÂ·ÃÂ¾ÃÂ²ÃÂ°ÃÂÃÂ"}],"nm":"ÃÂÃÂÃÂÃÂ¿ÃÂ¿ÃÂ° 1","np":2,"cix":2,"bm":0,"ix":1,"mn":"ADBE Vector Group","hd":false}],"ip":0,"op":50.0000020365418,"st":0,"bm":0},{"ddd":0,"ind":3,"ty":4,"nm":"3","sr":1,"ks":{"o":{"a":0,"k":35,"ix":11},"r":{"a":0,"k":0,"ix":10},"p":{"a":0,"k":[250,250,0],"ix":2},"a":{"a":0,"k":[250,250,0],"ix":1},"s":{"a":1,"k":[{"i":{"x":[0.833,0.833,0.833],"y":[0.833,0.833,0.833]},"o":{"x":[0.167,0.167,0.167],"y":[0.167,0.167,0.167]},"t":0,"s":[80,80,100]},{"i":{"x":[0.833,0.833,0.833],"y":[0.833,0.833,0.833]},"o":{"x":[0.167,0.167,0.167],"y":[0.167,0.167,0.167]},"t":13,"s":[65,65,100]},{"i":{"x":[0.833,0.833,0.833],"y":[0.833,0.833,0.833]},"o":{"x":[0.167,0.167,0.167],"y":[0.167,0.167,0.167]},"t":32,"s":[80,80,100]},{"i":{"x":[0.833,0.833,0.833],"y":[0.833,0.833,0.833]},"o":{"x":[0.167,0.167,0.167],"y":[0.167,0.167,0.167]},"t":42,"s":[108,108,100]},{"t":50.0000020365418,"s":[80,80,100]}],"ix":6}},"ao":0,"shapes":[{"ty":"gr","it":[{"ind":0,"ty":"sh","ix":1,"ks":{"a":0,"k":{"i":[[0,-121.631],[121.63,0],[0,121.631],[-121.632,0]],"o":[[0,121.631],[-121.632,0],[0,-121.631],[121.63,0]],"v":[[220.232,0],[0,220.232],[-220.233,0],[0,-220.232]],"c":true},"ix":2},"nm":"ÃÂÃÂ¾ÃÂ½ÃÂÃÂÃÂ 1","mn":"ADBE Vector Shape - Group","hd":false},{"ty":"fl","c":{"a":0,"k":[0.976957792394,0.765463615866,0.770447555243,1],"ix":4},"o":{"a":0,"k":100,"ix":5},"r":1,"bm":0,"nm":"ÃÂÃÂ°ÃÂ»ÃÂ¸ÃÂ²ÃÂºÃÂ° 1","mn":"ADBE Vector Graphic - Fill","hd":false},{"ty":"tr","p":{"a":0,"k":[256.667,250],"ix":2},"a":{"a":0,"k":[0,0],"ix":1},"s":{"a":0,"k":[100,100],"ix":3},"r":{"a":0,"k":0,"ix":6},"o":{"a":0,"k":100,"ix":7},"sk":{"a":0,"k":0,"ix":4},"sa":{"a":0,"k":0,"ix":5},"nm":"ÃÂÃÂÃÂµÃÂ¾ÃÂ±ÃÂÃÂ°ÃÂ·ÃÂ¾ÃÂ²ÃÂ°ÃÂÃÂ"}],"nm":"ÃÂÃÂÃÂÃÂ¿ÃÂ¿ÃÂ° 1","np":2,"cix":2,"bm":0,"ix":1,"mn":"ADBE Vector Group","hd":false}],"ip":0,"op":50.0000020365418,"st":0,"bm":0},{"ddd":0,"ind":4,"ty":4,"nm":"4","sr":1,"ks":{"o":{"a":0,"k":50,"ix":11},"r":{"a":0,"k":0,"ix":10},"p":{"a":0,"k":[250,250,0],"ix":2},"a":{"a":0,"k":[250,250,0],"ix":1},"s":{"a":1,"k":[{"i":{"x":[0.833,0.833,0.833],"y":[0.833,0.833,0.833]},"o":{"x":[0.167,0.167,0.167],"y":[0.167,0.167,0.167]},"t":0,"s":[80,80,100]},{"i":{"x":[0.833,0.833,0.833],"y":[0.833,0.833,0.833]},"o":{"x":[0.167,0.167,0.167],"y":[0.167,0.167,0.167]},"t":13,"s":[65,65,100]},{"i":{"x":[0.833,0.833,0.833],"y":[0.833,0.833,0.833]},"o":{"x":[0.167,0.167,0.167],"y":[0.167,0.167,0.167]},"t":35,"s":[80,80,100]},{"i":{"x":[0.833,0.833,0.833],"y":[0.833,0.833,0.833]},"o":{"x":[0.167,0.167,0.167],"y":[0.167,0.167,0.167]},"t":44,"s":[108,108,100]},{"t":50.0000020365418,"s":[80,80,100]}],"ix":6}},"ao":0,"shapes":[{"ty":"gr","it":[{"ind":0,"ty":"sh","ix":1,"ks":{"a":0,"k":{"i":[[0,-121.631],[121.63,0],[0,121.631],[-121.632,0]],"o":[[0,121.631],[-121.632,0],[0,-121.631],[121.63,0]],"v":[[220.232,0],[0,220.232],[-220.233,0],[0,-220.232]],"c":true},"ix":2},"nm":"ÃÂÃÂ¾ÃÂ½ÃÂÃÂÃÂ 1","mn":"ADBE Vector Shape - Group","hd":false},{"ty":"fl","c":{"a":0,"k":[0.976957792394,0.765463615866,0.770447555243,1],"ix":4},"o":{"a":0,"k":100,"ix":5},"r":1,"bm":0,"nm":"ÃÂÃÂ°ÃÂ»ÃÂ¸ÃÂ²ÃÂºÃÂ° 1","mn":"ADBE Vector Graphic - Fill","hd":false},{"ty":"tr","p":{"a":0,"k":[256.667,250],"ix":2},"a":{"a":0,"k":[0,0],"ix":1},"s":{"a":0,"k":[100,100],"ix":3},"r":{"a":0,"k":0,"ix":6},"o":{"a":0,"k":100,"ix":7},"sk":{"a":0,"k":0,"ix":4},"sa":{"a":0,"k":0,"ix":5},"nm":"ÃÂÃÂÃÂµÃÂ¾ÃÂ±ÃÂÃÂ°ÃÂ·ÃÂ¾ÃÂ²ÃÂ°ÃÂÃÂ"}],"nm":"ÃÂÃÂÃÂÃÂ¿ÃÂ¿ÃÂ° 1","np":2,"cix":2,"bm":0,"ix":1,"mn":"ADBE Vector Group","hd":false}],"ip":0,"op":50.0000020365418,"st":0,"bm":0}],"markers":[]}