{
  "v": "5.7.3",
  "fr": 29.9700012207031,
  "ip": 0,
  "op": 60.0000024438501,
  "w": 173,
  "h": 173,
  "nm": "TV BTN",
  "ddd": 0,
  "assets": [],
  "layers": [
    {
      "ddd": 0,
      "ind": 1,
      "ty": 4,
      "nm": "BTN",
      "sr": 1,
      "ks": {
        "o": {
          "a": 0,
          "k": 100,
          "ix": 11
        },
        "r": {
          "a": 0,
          "k": 0,
          "ix": 10
        },
        "p": {
          "a": 0,
          "k": [
            86.509,
            87.409,
            0
          ],
          "ix": 2
        },
        "a": {
          "a": 0,
          "k": [
            24.056,
            26.702,
            0
          ],
          "ix": 1
        },
        "s": {
          "a": 0,
          "k": [
            100,
            100,
            100
          ],
          "ix": 6
        }
      },
      "ao": 0,
      "ef": [
        {
          "ty": 21,
          "nm": "Fill",
          "np": 9,
          "mn": "ADBE Fill",
          "ix": 1,
          "en": 1,
          "ef": [
            {
              "ty": 10,
              "nm": "Fill Mask",
              "mn": "ADBE Fill-0001",
              "ix": 1,
              "v": {
                "a": 0,
                "k": 0,
                "ix": 1
              }
            },
            {
              "ty": 7,
              "nm": "All Masks",
              "mn": "ADBE Fill-0007",
              "ix": 2,
              "v": {
                "a": 0,
                "k": 0,
                "ix": 2
              }
            },
            {
              "ty": 2,
              "nm": "Color",
              "mn": "ADBE Fill-0002",
              "ix": 3,
              "v": {
                "a": 0,
                "k": [
                  1,
                  1,
                  1,
                  1
                ],
                "ix": 3
              }
            },
            {
              "ty": 7,
              "nm": "Invert",
              "mn": "ADBE Fill-0006",
              "ix": 4,
              "v": {
                "a": 0,
                "k": 0,
                "ix": 4
              }
            },
            {
              "ty": 0,
              "nm": "Horizontal Feather",
              "mn": "ADBE Fill-0003",
              "ix": 5,
              "v": {
                "a": 0,
                "k": 0,
                "ix": 5
              }
            },
            {
              "ty": 0,
              "nm": "Vertical Feather",
              "mn": "ADBE Fill-0004",
              "ix": 6,
              "v": {
                "a": 0,
                "k": 0,
                "ix": 6
              }
            },
            {
              "ty": 0,
              "nm": "Opacity",
              "mn": "ADBE Fill-0005",
              "ix": 7,
              "v": {
                "a": 0,
                "k": 1,
                "ix": 7
              }
            }
          ]
        }
      ],
      "shapes": [
        {
          "ty": "gr",
          "it": [
            {
              "ind": 0,
              "ty": "sh",
              "ix": 1,
              "ks": {
                "a": 0,
                "k": {
                  "i": [
                    [
                      -1.606,
                      0
                    ],
                    [
                      0,
                      0
                    ],
                    [
                      0,
                      -1.606
                    ],
                    [
                      0,
                      0
                    ],
                    [
                      1.606,
                      0
                    ],
                    [
                      0,
                      1.606
                    ],
                    [
                      0,
                      0
                    ]
                  ],
                  "o": [
                    [
                      0,
                      0
                    ],
                    [
                      1.606,
                      0
                    ],
                    [
                      0,
                      0
                    ],
                    [
                      0,
                      1.606
                    ],
                    [
                      -1.606,
                      0
                    ],
                    [
                      0,
                      0
                    ],
                    [
                      0,
                      -1.606
                    ]
                  ],
                  "v": [
                    [
                      0,
                      -14.538
                    ],
                    [
                      0,
                      -14.538
                    ],
                    [
                      2.908,
                      -11.63
                    ],
                    [
                      2.908,
                      11.631
                    ],
                    [
                      0,
                      14.538
                    ],
                    [
                      -2.908,
                      11.631
                    ],
                    [
                      -2.908,
                      -11.63
                    ]
                  ],
                  "c": true
                },
                "ix": 2
              },
              "nm": "Path 1",
              "mn": "ADBE Vector Shape - Group",
              "hd": false
            },
            {
              "ty": "fl",
              "c": {
                "a": 0,
                "k": [
                  0.870999983245,
                  0.870999983245,
                  0.870999983245,
                  1
                ],
                "ix": 4
              },
              "o": {
                "a": 0,
                "k": 100,
                "ix": 5
              },
              "r": 1,
              "bm": 0,
              "nm": "Fill 1",
              "mn": "ADBE Vector Graphic - Fill",
              "hd": false
            },
            {
              "ty": "tr",
              "p": {
                "a": 0,
                "k": [
                  23.027,
                  14.789
                ],
                "ix": 2
              },
              "a": {
                "a": 0,
                "k": [
                  0,
                  0
                ],
                "ix": 1
              },
              "s": {
                "a": 0,
                "k": [
                  100,
                  100
                ],
                "ix": 3
              },
              "r": {
                "a": 0,
                "k": 0,
                "ix": 6
              },
              "o": {
                "a": 0,
                "k": 100,
                "ix": 7
              },
              "sk": {
                "a": 0,
                "k": 0,
                "ix": 4
              },
              "sa": {
                "a": 0,
                "k": 0,
                "ix": 5
              },
              "nm": "Transform"
            }
          ],
          "nm": "Group 1",
          "np": 2,
          "cix": 2,
          "bm": 0,
          "ix": 1,
          "mn": "ADBE Vector Group",
          "hd": false
        },
        {
          "ty": "gr",
          "it": [
            {
              "ind": 0,
              "ty": "sh",
              "ix": 1,
              "ks": {
                "a": 0,
                "k": {
                  "i": [
                    [
                      -0.902,
                      1.468
                    ],
                    [
                      -1.334,
                      -1.09
                    ],
                    [
                      -1.467,
                      -3.742
                    ],
                    [
                      1.363,
                      -4.878
                    ],
                    [
                      4.026,
                      -3.074
                    ],
                    [
                      5.066,
                      -0.032
                    ],
                    [
                      4.063,
                      3.026
                    ],
                    [
                      1.423,
                      4.861
                    ],
                    [
                      -1.792,
                      4.737
                    ],
                    [
                      -3.055,
                      2.558
                    ],
                    [
                      -0.92,
                      -1.458
                    ],
                    [
                      1.266,
                      -1.17
                    ],
                    [
                      0.942,
                      -2.489
                    ],
                    [
                      -1.041,
                      -3.559
                    ],
                    [
                      -2.974,
                      -2.215
                    ],
                    [
                      -3.709,
                      0.023
                    ],
                    [
                      -2.947,
                      2.251
                    ],
                    [
                      -0.998,
                      3.572
                    ],
                    [
                      1.354,
                      3.453
                    ],
                    [
                      1.955,
                      1.765
                    ]
                  ],
                  "o": [
                    [
                      0.902,
                      -1.469
                    ],
                    [
                      3.087,
                      2.521
                    ],
                    [
                      1.848,
                      4.716
                    ],
                    [
                      -1.363,
                      4.877
                    ],
                    [
                      -4.025,
                      3.075
                    ],
                    [
                      -5.064,
                      0.03
                    ],
                    [
                      -4.062,
                      -3.025
                    ],
                    [
                      -1.422,
                      -4.861
                    ],
                    [
                      1.421,
                      -3.76
                    ],
                    [
                      1.322,
                      -1.107
                    ],
                    [
                      0.921,
                      1.457
                    ],
                    [
                      -1.934,
                      1.787
                    ],
                    [
                      -1.312,
                      3.47
                    ],
                    [
                      1.042,
                      3.559
                    ],
                    [
                      2.975,
                      2.214
                    ],
                    [
                      3.708,
                      -0.022
                    ],
                    [
                      2.948,
                      -2.251
                    ],
                    [
                      0.999,
                      -3.571
                    ],
                    [
                      -0.971,
                      -2.479
                    ],
                    [
                      -1.28,
                      -1.154
                    ]
                  ],
                  "v": [
                    [
                      10.563,
                      -19.301
                    ],
                    [
                      14.739,
                      -20.153
                    ],
                    [
                      21.695,
                      -10.608
                    ],
                    [
                      22.443,
                      4.176
                    ],
                    [
                      14.139,
                      16.428
                    ],
                    [
                      0.131,
                      21.213
                    ],
                    [
                      -13.933,
                      16.598
                    ],
                    [
                      -22.384,
                      4.446
                    ],
                    [
                      -21.814,
                      -10.344
                    ],
                    [
                      -14.975,
                      -19.973
                    ],
                    [
                      -10.789,
                      -19.172
                    ],
                    [
                      -11.595,
                      -14.635
                    ],
                    [
                      -15.976,
                      -8.137
                    ],
                    [
                      -16.393,
                      2.694
                    ],
                    [
                      -10.205,
                      11.592
                    ],
                    [
                      0.094,
                      14.97
                    ],
                    [
                      10.35,
                      11.468
                    ],
                    [
                      16.43,
                      2.495
                    ],
                    [
                      15.883,
                      -8.329
                    ],
                    [
                      11.424,
                      -14.775
                    ]
                  ],
                  "c": true
                },
                "ix": 2
              },
              "nm": "Path 1",
              "mn": "ADBE Vector Shape - Group",
              "hd": false
            },
            {
              "ty": "fl",
              "c": {
                "a": 0,
                "k": [
                  0.870999983245,
                  0.870999983245,
                  0.870999983245,
                  1
                ],
                "ix": 4
              },
              "o": {
                "a": 0,
                "k": 100,
                "ix": 5
              },
              "r": 1,
              "bm": 0,
              "nm": "Fill 1",
              "mn": "ADBE Vector Graphic - Fill",
              "hd": false
            },
            {
              "ty": "tr",
              "p": {
                "a": 0,
                "k": [
                  24.056,
                  31.91
                ],
                "ix": 2
              },
              "a": {
                "a": 0,
                "k": [
                  0,
                  0
                ],
                "ix": 1
              },
              "s": {
                "a": 0,
                "k": [
                  100,
                  100
                ],
                "ix": 3
              },
              "r": {
                "a": 0,
                "k": 0,
                "ix": 6
              },
              "o": {
                "a": 0,
                "k": 100,
                "ix": 7
              },
              "sk": {
                "a": 0,
                "k": 0,
                "ix": 4
              },
              "sa": {
                "a": 0,
                "k": 0,
                "ix": 5
              },
              "nm": "Transform"
            }
          ],
          "nm": "Group 2",
          "np": 2,
          "cix": 2,
          "bm": 0,
          "ix": 2,
          "mn": "ADBE Vector Group",
          "hd": false
        }
      ],
      "ip": 0,
      "op": 60.0000024438501,
      "st": 0,
      "bm": 0
    },
    {
      "ddd": 0,
      "ind": 2,
      "ty": 4,
      "nm": "Circle",
      "sr": 1,
      "ks": {
        "o": {
          "a": 0,
          "k": 100,
          "ix": 11
        },
        "r": {
          "a": 0,
          "k": 0,
          "ix": 10
        },
        "p": {
          "a": 0,
          "k": [
            86.5,
            87.394,
            0
          ],
          "ix": 2
        },
        "a": {
          "a": 0,
          "k": [
            63.75,
            63.75,
            0
          ],
          "ix": 1
        },
        "s": {
          "a": 0,
          "k": [
            100,
            100,
            100
          ],
          "ix": 6
        }
      },
      "ao": 0,
      "shapes": [
        {
          "ty": "gr",
          "it": [
            {
              "ind": 0,
              "ty": "sh",
              "ix": 1,
              "ks": {
                "a": 0,
                "k": {
                  "i": [
                    [
                      -35.07,
                      0
                    ],
                    [
                      0,
                      -35.07
                    ],
                    [
                      35.07,
                      0
                    ],
                    [
                      0,
                      35.07
                    ]
                  ],
                  "o": [
                    [
                      35.07,
                      0
                    ],
                    [
                      0,
                      35.07
                    ],
                    [
                      -35.07,
                      0
                    ],
                    [
                      0,
                      -35.07
                    ]
                  ],
                  "v": [
                    [
                      0,
                      -63.5
                    ],
                    [
                      63.5,
                      0
                    ],
                    [
                      0,
                      63.5
                    ],
                    [
                      -63.5,
                      0
                    ]
                  ],
                  "c": true
                },
                "ix": 2
              },
              "nm": "Path 1",
              "mn": "ADBE Vector Shape - Group",
              "hd": false
            },
            {
              "ty": "fl",
              "c": {
                "a": 0,
                "k": [
                  0.847000002394,
                  0,
                  0.152999997606,
                  1
                ],
                "ix": 4
              },
              "o": {
                "a": 0,
                "k": 100,
                "ix": 5
              },
              "r": 1,
              "bm": 0,
              "nm": "Fill 1",
              "mn": "ADBE Vector Graphic - Fill",
              "hd": false
            },
            {
              "ty": "tr",
              "p": {
                "a": 0,
                "k": [
                  63.75,
                  63.75
                ],
                "ix": 2
              },
              "a": {
                "a": 0,
                "k": [
                  0,
                  0
                ],
                "ix": 1
              },
              "s": {
                "a": 0,
                "k": [
                  100,
                  100
                ],
                "ix": 3
              },
              "r": {
                "a": 0,
                "k": 0,
                "ix": 6
              },
              "o": {
                "a": 0,
                "k": 100,
                "ix": 7
              },
              "sk": {
                "a": 0,
                "k": 0,
                "ix": 4
              },
              "sa": {
                "a": 0,
                "k": 0,
                "ix": 5
              },
              "nm": "Transform"
            }
          ],
          "nm": "Group 1",
          "np": 2,
          "cix": 2,
          "bm": 0,
          "ix": 1,
          "mn": "ADBE Vector Group",
          "hd": false
        }
      ],
      "ip": 0,
      "op": 60.0000024438501,
      "st": 0,
      "bm": 0
    },
    {
      "ddd": 0,
      "ind": 3,
      "ty": 4,
      "nm": "Circle 2",
      "sr": 1,
      "ks": {
        "o": {
          "a": 1,
          "k": [
            {
              "i": {
                "x": [
                  0.667
                ],
                "y": [
                  0.481
                ]
              },
              "o": {
                "x": [
                  0.333
                ],
                "y": [
                  0.369
                ]
              },
              "t": 11,
              "s": [
                100
              ]
            },
            {
              "t": 31.0000012626559,
              "s": [
                0
              ]
            }
          ],
          "ix": 11
        },
        "r": {
          "a": 0,
          "k": 0,
          "ix": 10
        },
        "p": {
          "a": 0,
          "k": [
            86.5,
            87.394,
            0
          ],
          "ix": 2
        },
        "a": {
          "a": 0,
          "k": [
            63.75,
            63.75,
            0
          ],
          "ix": 1
        },
        "s": {
          "a": 1,
          "k": [
            {
              "i": {
                "x": [
                  0.667,
                  0.667,
                  0.667
                ],
                "y": [
                  1,
                  1,
                  1
                ]
              },
              "o": {
                "x": [
                  0.333,
                  0.333,
                  0.333
                ],
                "y": [
                  0,
                  0,
                  0
                ]
              },
              "t": 0,
              "s": [
                99,
                99,
                100
              ]
            },
            {
              "t": 21.0000008553475,
              "s": [
                113,
                113,
                100
              ]
            }
          ],
          "ix": 6
        }
      },
      "ao": 0,
      "ef": [
        {
          "ty": 21,
          "nm": "Fill",
          "np": 9,
          "mn": "ADBE Fill",
          "ix": 1,
          "en": 1,
          "ef": [
            {
              "ty": 10,
              "nm": "Fill Mask",
              "mn": "ADBE Fill-0001",
              "ix": 1,
              "v": {
                "a": 0,
                "k": 0,
                "ix": 1
              }
            },
            {
              "ty": 7,
              "nm": "All Masks",
              "mn": "ADBE Fill-0007",
              "ix": 2,
              "v": {
                "a": 0,
                "k": 0,
                "ix": 2
              }
            },
            {
              "ty": 2,
              "nm": "Color",
              "mn": "ADBE Fill-0002",
              "ix": 3,
              "v": {
                "a": 0,
                "k": [
                  0.847058832645,
                  0,
                  0.152941182256,
                  1
                ],
                "ix": 3
              }
            },
            {
              "ty": 7,
              "nm": "Invert",
              "mn": "ADBE Fill-0006",
              "ix": 4,
              "v": {
                "a": 0,
                "k": 0,
                "ix": 4
              }
            },
            {
              "ty": 0,
              "nm": "Horizontal Feather",
              "mn": "ADBE Fill-0003",
              "ix": 5,
              "v": {
                "a": 0,
                "k": 0,
                "ix": 5
              }
            },
            {
              "ty": 0,
              "nm": "Vertical Feather",
              "mn": "ADBE Fill-0004",
              "ix": 6,
              "v": {
                "a": 0,
                "k": 0,
                "ix": 6
              }
            },
            {
              "ty": 0,
              "nm": "Opacity",
              "mn": "ADBE Fill-0005",
              "ix": 7,
              "v": {
                "a": 0,
                "k": 0.25,
                "ix": 7
              }
            }
          ]
        }
      ],
      "shapes": [
        {
          "ty": "gr",
          "it": [
            {
              "ind": 0,
              "ty": "sh",
              "ix": 1,
              "ks": {
                "a": 0,
                "k": {
                  "i": [
                    [
                      -35.07,
                      0
                    ],
                    [
                      0,
                      -35.07
                    ],
                    [
                      35.07,
                      0
                    ],
                    [
                      0,
                      35.07
                    ]
                  ],
                  "o": [
                    [
                      35.07,
                      0
                    ],
                    [
                      0,
                      35.07
                    ],
                    [
                      -35.07,
                      0
                    ],
                    [
                      0,
                      -35.07
                    ]
                  ],
                  "v": [
                    [
                      0,
                      -63.5
                    ],
                    [
                      63.5,
                      0
                    ],
                    [
                      0,
                      63.5
                    ],
                    [
                      -63.5,
                      0
                    ]
                  ],
                  "c": true
                },
                "ix": 2
              },
              "nm": "Path 1",
              "mn": "ADBE Vector Shape - Group",
              "hd": false
            },
            {
              "ty": "fl",
              "c": {
                "a": 0,
                "k": [
                  0.847000002394,
                  0,
                  0.152999997606,
                  1
                ],
                "ix": 4
              },
              "o": {
                "a": 0,
                "k": 100,
                "ix": 5
              },
              "r": 1,
              "bm": 0,
              "nm": "Fill 1",
              "mn": "ADBE Vector Graphic - Fill",
              "hd": false
            },
            {
              "ty": "tr",
              "p": {
                "a": 0,
                "k": [
                  63.75,
                  63.75
                ],
                "ix": 2
              },
              "a": {
                "a": 0,
                "k": [
                  0,
                  0
                ],
                "ix": 1
              },
              "s": {
                "a": 0,
                "k": [
                  100,
                  100
                ],
                "ix": 3
              },
              "r": {
                "a": 0,
                "k": 0,
                "ix": 6
              },
              "o": {
                "a": 0,
                "k": 100,
                "ix": 7
              },
              "sk": {
                "a": 0,
                "k": 0,
                "ix": 4
              },
              "sa": {
                "a": 0,
                "k": 0,
                "ix": 5
              },
              "nm": "Transform"
            }
          ],
          "nm": "Group 1",
          "np": 2,
          "cix": 2,
          "bm": 0,
          "ix": 1,
          "mn": "ADBE Vector Group",
          "hd": false
        }
      ],
      "ip": 0,
      "op": 60.0000024438501,
      "st": 0,
      "bm": 0
    },
    {
      "ddd": 0,
      "ind": 4,
      "ty": 4,
      "nm": "Circle 3",
      "sr": 1,
      "ks": {
        "o": {
          "a": 1,
          "k": [
            {
              "i": {
                "x": [
                  0.667
                ],
                "y": [
                  1
                ]
              },
              "o": {
                "x": [
                  0.333
                ],
                "y": [
                  0
                ]
              },
              "t": 13,
              "s": [
                50
              ]
            },
            {
              "t": 33.0000013441176,
              "s": [
                0
              ]
            }
          ],
          "ix": 11
        },
        "r": {
          "a": 0,
          "k": 0,
          "ix": 10
        },
        "p": {
          "a": 0,
          "k": [
            86.5,
            87.394,
            0
          ],
          "ix": 2
        },
        "a": {
          "a": 0,
          "k": [
            63.75,
            63.75,
            0
          ],
          "ix": 1
        },
        "s": {
          "a": 1,
          "k": [
            {
              "i": {
                "x": [
                  0.667,
                  0.667,
                  0.667
                ],
                "y": [
                  1,
                  1,
                  1
                ]
              },
              "o": {
                "x": [
                  0.333,
                  0.333,
                  0.333
                ],
                "y": [
                  0,
                  0,
                  0
                ]
              },
              "t": 0,
              "s": [
                99,
                99,
                100
              ]
            },
            {
              "t": 24.00000097754,
              "s": [
                128,
                128,
                100
              ]
            }
          ],
          "ix": 6
        }
      },
      "ao": 0,
      "ef": [
        {
          "ty": 21,
          "nm": "Fill",
          "np": 9,
          "mn": "ADBE Fill",
          "ix": 1,
          "en": 1,
          "ef": [
            {
              "ty": 10,
              "nm": "Fill Mask",
              "mn": "ADBE Fill-0001",
              "ix": 1,
              "v": {
                "a": 0,
                "k": 0,
                "ix": 1
              }
            },
            {
              "ty": 7,
              "nm": "All Masks",
              "mn": "ADBE Fill-0007",
              "ix": 2,
              "v": {
                "a": 0,
                "k": 0,
                "ix": 2
              }
            },
            {
              "ty": 2,
              "nm": "Color",
              "mn": "ADBE Fill-0002",
              "ix": 3,
              "v": {
                "a": 0,
                "k": [
                  0.847058832645,
                  0,
                  0.152941182256,
                  1
                ],
                "ix": 3
              }
            },
            {
              "ty": 7,
              "nm": "Invert",
              "mn": "ADBE Fill-0006",
              "ix": 4,
              "v": {
                "a": 0,
                "k": 0,
                "ix": 4
              }
            },
            {
              "ty": 0,
              "nm": "Horizontal Feather",
              "mn": "ADBE Fill-0003",
              "ix": 5,
              "v": {
                "a": 0,
                "k": 0,
                "ix": 5
              }
            },
            {
              "ty": 0,
              "nm": "Vertical Feather",
              "mn": "ADBE Fill-0004",
              "ix": 6,
              "v": {
                "a": 0,
                "k": 0,
                "ix": 6
              }
            },
            {
              "ty": 0,
              "nm": "Opacity",
              "mn": "ADBE Fill-0005",
              "ix": 7,
              "v": {
                "a": 0,
                "k": 0.25,
                "ix": 7
              }
            }
          ]
        }
      ],
      "shapes": [
        {
          "ty": "gr",
          "it": [
            {
              "ind": 0,
              "ty": "sh",
              "ix": 1,
              "ks": {
                "a": 0,
                "k": {
                  "i": [
                    [
                      -35.07,
                      0
                    ],
                    [
                      0,
                      -35.07
                    ],
                    [
                      35.07,
                      0
                    ],
                    [
                      0,
                      35.07
                    ]
                  ],
                  "o": [
                    [
                      35.07,
                      0
                    ],
                    [
                      0,
                      35.07
                    ],
                    [
                      -35.07,
                      0
                    ],
                    [
                      0,
                      -35.07
                    ]
                  ],
                  "v": [
                    [
                      0,
                      -63.5
                    ],
                    [
                      63.5,
                      0
                    ],
                    [
                      0,
                      63.5
                    ],
                    [
                      -63.5,
                      0
                    ]
                  ],
                  "c": true
                },
                "ix": 2
              },
              "nm": "Path 1",
              "mn": "ADBE Vector Shape - Group",
              "hd": false
            },
            {
              "ty": "fl",
              "c": {
                "a": 0,
                "k": [
                  0.847000002394,
                  0,
                  0.152999997606,
                  1
                ],
                "ix": 4
              },
              "o": {
                "a": 0,
                "k": 100,
                "ix": 5
              },
              "r": 1,
              "bm": 0,
              "nm": "Fill 1",
              "mn": "ADBE Vector Graphic - Fill",
              "hd": false
            },
            {
              "ty": "tr",
              "p": {
                "a": 0,
                "k": [
                  63.75,
                  63.75
                ],
                "ix": 2
              },
              "a": {
                "a": 0,
                "k": [
                  0,
                  0
                ],
                "ix": 1
              },
              "s": {
                "a": 0,
                "k": [
                  100,
                  100
                ],
                "ix": 3
              },
              "r": {
                "a": 0,
                "k": 0,
                "ix": 6
              },
              "o": {
                "a": 0,
                "k": 100,
                "ix": 7
              },
              "sk": {
                "a": 0,
                "k": 0,
                "ix": 4
              },
              "sa": {
                "a": 0,
                "k": 0,
                "ix": 5
              },
              "nm": "Transform"
            }
          ],
          "nm": "Group 1",
          "np": 2,
          "cix": 2,
          "bm": 0,
          "ix": 1,
          "mn": "ADBE Vector Group",
          "hd": false
        }
      ],
      "ip": 0,
      "op": 60.0000024438501,
      "st": 0,
      "bm": 0
    }
  ],
  "markers": []
}