{"v":"5.5.7","meta":{"g":"LottieFiles AE 0.1.20","a":"","k":"","d":"","tc":""},"fr":60,"ip":0,"op":360,"w":500,"h":500,"nm":"First Reading Button (START)","ddd":0,"assets":[],"fonts":{"list":[{"fName":"Avenir-Black","fFamily":"Avenir","fStyle":"Black","ascent":75.5996704101562}]},"layers":[{"ddd":0,"ind":1,"ty":5,"nm":"START","sr":1,"ks":{"o":{"a":0,"k":100,"ix":11},"r":{"a":0,"k":0,"ix":10},"p":{"a":0,"k":[262.702,240.49399999999997,0],"ix":2},"a":{"a":0,"k":[0.24,-14.16,0],"ix":1},"s":{"a":0,"k":[100,100,100],"ix":6}},"ao":0,"t":{"d":{"k":[{"s":{"s":40,"f":"Avenir-Black","t":"START!","j":2,"tr":150,"lh":48,"ls":0,"fc":[1,1,1,1]},"t":0}]},"p":{},"m":{"g":1,"a":{"a":0,"k":[0,0],"ix":2}},"a":[]},"ip":0,"op":361,"st":0,"bm":0},{"ddd":0,"ind":2,"ty":4,"nm":"arrows Outlines 6","sr":1,"ks":{"o":{"a":1,"k":[{"i":{"x":[0.833],"y":[0.833]},"o":{"x":[0.167],"y":[0.167]},"t":200,"s":[0]},{"i":{"x":[0.833],"y":[0.833]},"o":{"x":[0.167],"y":[0.167]},"t":210,"s":[100]},{"i":{"x":[0.833],"y":[0.833]},"o":{"x":[0.167],"y":[0.167]},"t":330,"s":[100]},{"t":360,"s":[0]}],"ix":11},"r":{"a":0,"k":0,"ix":10},"p":{"a":1,"k":[{"i":{"x":0.667,"y":1},"o":{"x":0.333,"y":0},"t":200,"s":[100,240.03,0],"to":[1.667,0,0],"ti":[-1.667,0,0]},{"t":220,"s":[110.00000000000001,240.03,0]}],"ix":2},"a":{"a":0,"k":[240.5,240.5,0],"ix":1},"s":{"a":0,"k":[8,8,100],"ix":6}},"ao":0,"shapes":[{"ty":"gr","it":[{"ind":0,"ty":"sh","ix":1,"ks":{"a":0,"k":{"i":[[7.443,8.226],[0,0],[6.181,0],[0,0],[3.525,-7.835],[-5.745,-6.355],[0,0],[0,0],[-3.526,-7.834],[-8.575,0],[0,0],[-4.179,4.527],[0,0]],"o":[[0,0],[-4.179,-4.614],[0,0],[-8.575,0],[-3.482,7.878],[0,0],[0,0],[-5.745,6.397],[3.525,7.878],[0,0],[6.181,0],[0,0],[7.443,-8.269]],"v":[[179.302,-14.537],[-16.561,-232.163],[-32.753,-239.389],[-163.328,-239.389],[-183.219,-226.505],[-179.52,-203.088],[3.242,0.001],[-179.52,203.046],[-183.219,226.462],[-163.328,239.389],[-32.753,239.389],[-16.561,232.207],[179.302,14.581]],"c":true},"ix":2},"nm":"Path 1","mn":"ADBE Vector Shape - Group","hd":false},{"ty":"fl","c":{"a":0,"k":[1,0.5569,0.2275,1],"ix":4},"o":{"a":0,"k":100,"ix":5},"r":1,"bm":0,"nm":"Fill 1","mn":"ADBE Vector Graphic - Fill","hd":false},{"ty":"tr","p":{"a":0,"k":[244.129,240.013],"ix":2},"a":{"a":0,"k":[0,0],"ix":1},"s":{"a":0,"k":[100,100],"ix":3},"r":{"a":0,"k":0,"ix":6},"o":{"a":0,"k":100,"ix":7},"sk":{"a":0,"k":0,"ix":4},"sa":{"a":0,"k":0,"ix":5},"nm":"Transform"}],"nm":"Group 1","np":2,"cix":2,"bm":0,"ix":1,"mn":"ADBE Vector Group","hd":false}],"ip":200,"op":361,"st":200,"bm":0},{"ddd":0,"ind":3,"ty":4,"nm":"arrows Outlines 5","sr":1,"ks":{"o":{"a":1,"k":[{"i":{"x":[0.833],"y":[0.833]},"o":{"x":[0.167],"y":[0.167]},"t":190,"s":[0]},{"i":{"x":[0.833],"y":[0.833]},"o":{"x":[0.167],"y":[0.167]},"t":200,"s":[100]},{"i":{"x":[0.833],"y":[0.833]},"o":{"x":[0.167],"y":[0.167]},"t":330,"s":[100]},{"t":360,"s":[0]}],"ix":11},"r":{"a":0,"k":0,"ix":10},"p":{"a":1,"k":[{"i":{"x":0.667,"y":1},"o":{"x":0.333,"y":0},"t":190,"s":[120,240.03,0],"to":[1.667,0,0],"ti":[-1.667,0,0]},{"t":210,"s":[130,240.03,0]}],"ix":2},"a":{"a":0,"k":[240.5,240.5,0],"ix":1},"s":{"a":0,"k":[8,8,100],"ix":6}},"ao":0,"shapes":[{"ty":"gr","it":[{"ind":0,"ty":"sh","ix":1,"ks":{"a":0,"k":{"i":[[7.443,8.226],[0,0],[6.181,0],[0,0],[3.525,-7.835],[-5.745,-6.355],[0,0],[0,0],[-3.526,-7.834],[-8.575,0],[0,0],[-4.179,4.527],[0,0]],"o":[[0,0],[-4.179,-4.614],[0,0],[-8.575,0],[-3.482,7.878],[0,0],[0,0],[-5.745,6.397],[3.525,7.878],[0,0],[6.181,0],[0,0],[7.443,-8.269]],"v":[[179.302,-14.537],[-16.561,-232.163],[-32.753,-239.389],[-163.328,-239.389],[-183.219,-226.505],[-179.52,-203.088],[3.242,0.001],[-179.52,203.046],[-183.219,226.462],[-163.328,239.389],[-32.753,239.389],[-16.561,232.207],[179.302,14.581]],"c":true},"ix":2},"nm":"Path 1","mn":"ADBE Vector Shape - Group","hd":false},{"ty":"fl","c":{"a":0,"k":[1,0.5569,0.2275,1],"ix":4},"o":{"a":0,"k":100,"ix":5},"r":1,"bm":0,"nm":"Fill 1","mn":"ADBE Vector Graphic - Fill","hd":false},{"ty":"tr","p":{"a":0,"k":[244.129,240.013],"ix":2},"a":{"a":0,"k":[0,0],"ix":1},"s":{"a":0,"k":[100,100],"ix":3},"r":{"a":0,"k":0,"ix":6},"o":{"a":0,"k":100,"ix":7},"sk":{"a":0,"k":0,"ix":4},"sa":{"a":0,"k":0,"ix":5},"nm":"Transform"}],"nm":"Group 1","np":2,"cix":2,"bm":0,"ix":1,"mn":"ADBE Vector Group","hd":false}],"ip":190,"op":361,"st":190,"bm":0},{"ddd":0,"ind":4,"ty":4,"nm":"arrows Outlines 4","sr":1,"ks":{"o":{"a":1,"k":[{"i":{"x":[0.833],"y":[0.833]},"o":{"x":[0.167],"y":[0.167]},"t":180,"s":[0]},{"i":{"x":[0.833],"y":[0.833]},"o":{"x":[0.167],"y":[0.167]},"t":190,"s":[100]},{"i":{"x":[0.833],"y":[0.833]},"o":{"x":[0.167],"y":[0.167]},"t":330,"s":[100]},{"t":360,"s":[0]}],"ix":11},"r":{"a":0,"k":0,"ix":10},"p":{"a":1,"k":[{"i":{"x":0.667,"y":1},"o":{"x":0.333,"y":0},"t":180,"s":[140,240.03,0],"to":[1.667,0,0],"ti":[-1.667,0,0]},{"t":200,"s":[150,240.03,0]}],"ix":2},"a":{"a":0,"k":[240.5,240.5,0],"ix":1},"s":{"a":0,"k":[8,8,100],"ix":6}},"ao":0,"shapes":[{"ty":"gr","it":[{"ind":0,"ty":"sh","ix":1,"ks":{"a":0,"k":{"i":[[7.443,8.226],[0,0],[6.181,0],[0,0],[3.525,-7.835],[-5.745,-6.355],[0,0],[0,0],[-3.526,-7.834],[-8.575,0],[0,0],[-4.179,4.527],[0,0]],"o":[[0,0],[-4.179,-4.614],[0,0],[-8.575,0],[-3.482,7.878],[0,0],[0,0],[-5.745,6.397],[3.525,7.878],[0,0],[6.181,0],[0,0],[7.443,-8.269]],"v":[[179.302,-14.537],[-16.561,-232.163],[-32.753,-239.389],[-163.328,-239.389],[-183.219,-226.505],[-179.52,-203.088],[3.242,0.001],[-179.52,203.046],[-183.219,226.462],[-163.328,239.389],[-32.753,239.389],[-16.561,232.207],[179.302,14.581]],"c":true},"ix":2},"nm":"Path 1","mn":"ADBE Vector Shape - Group","hd":false},{"ty":"fl","c":{"a":0,"k":[1,0.5569,0.2275,1],"ix":4},"o":{"a":0,"k":100,"ix":5},"r":1,"bm":0,"nm":"Fill 1","mn":"ADBE Vector Graphic - Fill","hd":false},{"ty":"tr","p":{"a":0,"k":[244.129,240.013],"ix":2},"a":{"a":0,"k":[0,0],"ix":1},"s":{"a":0,"k":[100,100],"ix":3},"r":{"a":0,"k":0,"ix":6},"o":{"a":0,"k":100,"ix":7},"sk":{"a":0,"k":0,"ix":4},"sa":{"a":0,"k":0,"ix":5},"nm":"Transform"}],"nm":"Group 1","np":2,"cix":2,"bm":0,"ix":1,"mn":"ADBE Vector Group","hd":false}],"ip":180,"op":361,"st":180,"bm":0},{"ddd":0,"ind":5,"ty":4,"nm":"arrows Outlines 3","sr":1,"ks":{"o":{"a":1,"k":[{"i":{"x":[0.833],"y":[0.833]},"o":{"x":[0.167],"y":[0.167]},"t":20,"s":[0]},{"i":{"x":[0.833],"y":[0.833]},"o":{"x":[0.167],"y":[0.167]},"t":30,"s":[100]},{"i":{"x":[0.833],"y":[0.833]},"o":{"x":[0.167],"y":[0.167]},"t":150,"s":[100]},{"t":180,"s":[0]}],"ix":11},"r":{"a":0,"k":0,"ix":10},"p":{"a":1,"k":[{"i":{"x":0.667,"y":1},"o":{"x":0.333,"y":0},"t":20,"s":[100,240.03,0],"to":[1.667,0,0],"ti":[-1.667,0,0]},{"t":40,"s":[110.00000000000001,240.03,0]}],"ix":2},"a":{"a":0,"k":[240.5,240.5,0],"ix":1},"s":{"a":0,"k":[8,8,100],"ix":6}},"ao":0,"shapes":[{"ty":"gr","it":[{"ind":0,"ty":"sh","ix":1,"ks":{"a":0,"k":{"i":[[7.443,8.226],[0,0],[6.181,0],[0,0],[3.525,-7.835],[-5.745,-6.355],[0,0],[0,0],[-3.526,-7.834],[-8.575,0],[0,0],[-4.179,4.527],[0,0]],"o":[[0,0],[-4.179,-4.614],[0,0],[-8.575,0],[-3.482,7.878],[0,0],[0,0],[-5.745,6.397],[3.525,7.878],[0,0],[6.181,0],[0,0],[7.443,-8.269]],"v":[[179.302,-14.537],[-16.561,-232.163],[-32.753,-239.389],[-163.328,-239.389],[-183.219,-226.505],[-179.52,-203.088],[3.242,0.001],[-179.52,203.046],[-183.219,226.462],[-163.328,239.389],[-32.753,239.389],[-16.561,232.207],[179.302,14.581]],"c":true},"ix":2},"nm":"Path 1","mn":"ADBE Vector Shape - Group","hd":false},{"ty":"fl","c":{"a":0,"k":[1,0.5569,0.2275,1],"ix":4},"o":{"a":0,"k":100,"ix":5},"r":1,"bm":0,"nm":"Fill 1","mn":"ADBE Vector Graphic - Fill","hd":false},{"ty":"tr","p":{"a":0,"k":[244.129,240.013],"ix":2},"a":{"a":0,"k":[0,0],"ix":1},"s":{"a":0,"k":[100,100],"ix":3},"r":{"a":0,"k":0,"ix":6},"o":{"a":0,"k":100,"ix":7},"sk":{"a":0,"k":0,"ix":4},"sa":{"a":0,"k":0,"ix":5},"nm":"Transform"}],"nm":"Group 1","np":2,"cix":2,"bm":0,"ix":1,"mn":"ADBE Vector Group","hd":false}],"ip":20,"op":181,"st":20,"bm":0},{"ddd":0,"ind":6,"ty":4,"nm":"arrows Outlines 2","sr":1,"ks":{"o":{"a":1,"k":[{"i":{"x":[0.833],"y":[0.833]},"o":{"x":[0.167],"y":[0.167]},"t":10,"s":[0]},{"i":{"x":[0.833],"y":[0.833]},"o":{"x":[0.167],"y":[0.167]},"t":20,"s":[100]},{"i":{"x":[0.833],"y":[0.833]},"o":{"x":[0.167],"y":[0.167]},"t":150,"s":[100]},{"t":180,"s":[0]}],"ix":11},"r":{"a":0,"k":0,"ix":10},"p":{"a":1,"k":[{"i":{"x":0.667,"y":1},"o":{"x":0.333,"y":0},"t":10,"s":[120,240.03,0],"to":[1.667,0,0],"ti":[-1.667,0,0]},{"t":30,"s":[130,240.03,0]}],"ix":2},"a":{"a":0,"k":[240.5,240.5,0],"ix":1},"s":{"a":0,"k":[8,8,100],"ix":6}},"ao":0,"shapes":[{"ty":"gr","it":[{"ind":0,"ty":"sh","ix":1,"ks":{"a":0,"k":{"i":[[7.443,8.226],[0,0],[6.181,0],[0,0],[3.525,-7.835],[-5.745,-6.355],[0,0],[0,0],[-3.526,-7.834],[-8.575,0],[0,0],[-4.179,4.527],[0,0]],"o":[[0,0],[-4.179,-4.614],[0,0],[-8.575,0],[-3.482,7.878],[0,0],[0,0],[-5.745,6.397],[3.525,7.878],[0,0],[6.181,0],[0,0],[7.443,-8.269]],"v":[[179.302,-14.537],[-16.561,-232.163],[-32.753,-239.389],[-163.328,-239.389],[-183.219,-226.505],[-179.52,-203.088],[3.242,0.001],[-179.52,203.046],[-183.219,226.462],[-163.328,239.389],[-32.753,239.389],[-16.561,232.207],[179.302,14.581]],"c":true},"ix":2},"nm":"Path 1","mn":"ADBE Vector Shape - Group","hd":false},{"ty":"fl","c":{"a":0,"k":[1,0.5569,0.2275,1],"ix":4},"o":{"a":0,"k":100,"ix":5},"r":1,"bm":0,"nm":"Fill 1","mn":"ADBE Vector Graphic - Fill","hd":false},{"ty":"tr","p":{"a":0,"k":[244.129,240.013],"ix":2},"a":{"a":0,"k":[0,0],"ix":1},"s":{"a":0,"k":[100,100],"ix":3},"r":{"a":0,"k":0,"ix":6},"o":{"a":0,"k":100,"ix":7},"sk":{"a":0,"k":0,"ix":4},"sa":{"a":0,"k":0,"ix":5},"nm":"Transform"}],"nm":"Group 1","np":2,"cix":2,"bm":0,"ix":1,"mn":"ADBE Vector Group","hd":false}],"ip":10,"op":181,"st":10,"bm":0},{"ddd":0,"ind":7,"ty":4,"nm":"arrows Outlines 1","sr":1,"ks":{"o":{"a":1,"k":[{"i":{"x":[0.833],"y":[0.833]},"o":{"x":[0.167],"y":[0.167]},"t":0,"s":[0]},{"i":{"x":[0.833],"y":[0.833]},"o":{"x":[0.167],"y":[0.167]},"t":10,"s":[100]},{"i":{"x":[0.833],"y":[0.833]},"o":{"x":[0.167],"y":[0.167]},"t":150,"s":[100]},{"t":180,"s":[0]}],"ix":11},"r":{"a":0,"k":0,"ix":10},"p":{"a":1,"k":[{"i":{"x":0.667,"y":1},"o":{"x":0.333,"y":0},"t":0,"s":[140,240.03,0],"to":[1.667,0,0],"ti":[-1.667,0,0]},{"t":20,"s":[150,240.03,0]}],"ix":2},"a":{"a":0,"k":[240.5,240.5,0],"ix":1},"s":{"a":0,"k":[8,8,100],"ix":6}},"ao":0,"shapes":[{"ty":"gr","it":[{"ind":0,"ty":"sh","ix":1,"ks":{"a":0,"k":{"i":[[7.443,8.226],[0,0],[6.181,0],[0,0],[3.525,-7.835],[-5.745,-6.355],[0,0],[0,0],[-3.526,-7.834],[-8.575,0],[0,0],[-4.179,4.527],[0,0]],"o":[[0,0],[-4.179,-4.614],[0,0],[-8.575,0],[-3.482,7.878],[0,0],[0,0],[-5.745,6.397],[3.525,7.878],[0,0],[6.181,0],[0,0],[7.443,-8.269]],"v":[[179.302,-14.537],[-16.561,-232.163],[-32.753,-239.389],[-163.328,-239.389],[-183.219,-226.505],[-179.52,-203.088],[3.242,0.001],[-179.52,203.046],[-183.219,226.462],[-163.328,239.389],[-32.753,239.389],[-16.561,232.207],[179.302,14.581]],"c":true},"ix":2},"nm":"Path 1","mn":"ADBE Vector Shape - Group","hd":false},{"ty":"fl","c":{"a":0,"k":[1,0.5569,0.2275,1],"ix":4},"o":{"a":0,"k":100,"ix":5},"r":1,"bm":0,"nm":"Fill 1","mn":"ADBE Vector Graphic - Fill","hd":false},{"ty":"tr","p":{"a":0,"k":[244.129,240.013],"ix":2},"a":{"a":0,"k":[0,0],"ix":1},"s":{"a":0,"k":[100,100],"ix":3},"r":{"a":0,"k":0,"ix":6},"o":{"a":0,"k":100,"ix":7},"sk":{"a":0,"k":0,"ix":4},"sa":{"a":0,"k":0,"ix":5},"nm":"Transform"}],"nm":"Group 1","np":2,"cix":2,"bm":0,"ix":1,"mn":"ADBE Vector Group","hd":false}],"ip":0,"op":181,"st":0,"bm":0},{"ddd":0,"ind":8,"ty":4,"nm":"Rectangle 3","td":1,"sr":1,"ks":{"o":{"a":0,"k":100,"ix":11},"r":{"a":0,"k":0,"ix":10},"p":{"a":0,"k":[253.655,240.70300000000003,0],"ix":2},"a":{"a":0,"k":[0,0,0],"ix":1},"s":{"a":0,"k":[100.018,100,100],"ix":6}},"ao":0,"shapes":[{"ty":"gr","it":[{"ty":"rc","d":1,"s":{"a":0,"k":[462,104],"ix":2},"p":{"a":0,"k":[0,0],"ix":3},"r":{"a":0,"k":10,"ix":4},"nm":"Rectangle Path 1","mn":"ADBE Vector Shape - Rect","hd":false},{"ty":"st","c":{"a":0,"k":[0.3333,0,0,1],"ix":3},"o":{"a":0,"k":100,"ix":4},"w":{"a":0,"k":0,"ix":5},"lc":1,"lj":1,"ml":4,"bm":0,"nm":"Stroke 1","mn":"ADBE Vector Graphic - Stroke","hd":false},{"ty":"fl","c":{"a":0,"k":[1,0.5569,0.2275,1],"ix":4},"o":{"a":0,"k":98,"ix":5},"r":1,"bm":0,"nm":"Fill 1","mn":"ADBE Vector Graphic - Fill","hd":false},{"ty":"tr","p":{"a":0,"k":[-3.654,-0.722],"ix":2},"a":{"a":0,"k":[0,0],"ix":1},"s":{"a":0,"k":[100,100],"ix":3},"r":{"a":0,"k":0,"ix":6},"o":{"a":0,"k":100,"ix":7},"sk":{"a":0,"k":0,"ix":4},"sa":{"a":0,"k":0,"ix":5},"nm":"Transform"}],"nm":"Rectangle 1","np":3,"cix":2,"bm":0,"ix":1,"mn":"ADBE Vector Group","hd":false}],"ip":210,"op":285,"st":180,"bm":0},{"ddd":0,"ind":9,"ty":4,"nm":"Shape Layer 2","tt":1,"sr":1,"ks":{"o":{"a":0,"k":25,"ix":11},"r":{"a":0,"k":0,"ix":10},"p":{"a":1,"k":[{"i":{"x":0.312,"y":1},"o":{"x":0.333,"y":0},"t":210,"s":[-44.487,244.46500000000003,0],"to":[98.833,0,0],"ti":[-98.833,0,0]},{"t":284,"s":[548.513,244.46500000000003,0]}],"ix":2},"a":{"a":0,"k":[-201.015,-9.55,0],"ix":1},"s":{"a":0,"k":[98.24,97.99,100],"ix":6}},"ao":0,"shapes":[{"ty":"gr","it":[{"ind":0,"ty":"sh","ix":1,"ks":{"a":0,"k":{"i":[[0,0],[0,0],[0,0],[0,0]],"o":[[0,0],[0,0],[0,0],[0,0]],"v":[[-201.19,-143.586],[-294.541,124.486],[-203.512,124.277],[-107.49,-143.556]],"c":true},"ix":2},"nm":"Path 1","mn":"ADBE Vector Shape - Group","hd":false},{"ty":"st","c":{"a":0,"k":[0.3333,0,0,1],"ix":3},"o":{"a":0,"k":100,"ix":4},"w":{"a":0,"k":0,"ix":5},"lc":1,"lj":1,"ml":4,"bm":0,"nm":"Stroke 1","mn":"ADBE Vector Graphic - Stroke","hd":false},{"ty":"fl","c":{"a":0,"k":[1,1,1,1],"ix":4},"o":{"a":0,"k":100,"ix":5},"r":1,"bm":0,"nm":"Fill 1","mn":"ADBE Vector Graphic - Fill","hd":false},{"ty":"tr","p":{"a":0,"k":[0,0],"ix":2},"a":{"a":0,"k":[0,0],"ix":1},"s":{"a":0,"k":[100,100],"ix":3},"r":{"a":0,"k":0,"ix":6},"o":{"a":0,"k":100,"ix":7},"sk":{"a":0,"k":0,"ix":4},"sa":{"a":0,"k":0,"ix":5},"nm":"Transform"}],"nm":"Shape 1","np":3,"cix":2,"bm":0,"ix":1,"mn":"ADBE Vector Group","hd":false}],"ip":210,"op":285,"st":210,"bm":0},{"ddd":0,"ind":10,"ty":4,"nm":"Rectangle 2","td":1,"sr":1,"ks":{"o":{"a":0,"k":100,"ix":11},"r":{"a":0,"k":0,"ix":10},"p":{"a":0,"k":[253.655,240.70300000000003,0],"ix":2},"a":{"a":0,"k":[0,0,0],"ix":1},"s":{"a":0,"k":[100.018,100,100],"ix":6}},"ao":0,"shapes":[{"ty":"gr","it":[{"ty":"rc","d":1,"s":{"a":0,"k":[462,104],"ix":2},"p":{"a":0,"k":[0,0],"ix":3},"r":{"a":0,"k":10,"ix":4},"nm":"Rectangle Path 1","mn":"ADBE Vector Shape - Rect","hd":false},{"ty":"st","c":{"a":0,"k":[0.3333,0,0,1],"ix":3},"o":{"a":0,"k":100,"ix":4},"w":{"a":0,"k":0,"ix":5},"lc":1,"lj":1,"ml":4,"bm":0,"nm":"Stroke 1","mn":"ADBE Vector Graphic - Stroke","hd":false},{"ty":"fl","c":{"a":0,"k":[1,0.5569,0.2275,1],"ix":4},"o":{"a":0,"k":98,"ix":5},"r":1,"bm":0,"nm":"Fill 1","mn":"ADBE Vector Graphic - Fill","hd":false},{"ty":"tr","p":{"a":0,"k":[-3.654,-0.722],"ix":2},"a":{"a":0,"k":[0,0],"ix":1},"s":{"a":0,"k":[100,100],"ix":3},"r":{"a":0,"k":0,"ix":6},"o":{"a":0,"k":100,"ix":7},"sk":{"a":0,"k":0,"ix":4},"sa":{"a":0,"k":0,"ix":5},"nm":"Transform"}],"nm":"Rectangle 1","np":3,"cix":2,"bm":0,"ix":1,"mn":"ADBE Vector Group","hd":false}],"ip":30,"op":105,"st":0,"bm":0},{"ddd":0,"ind":11,"ty":4,"nm":"Shape Layer 1","tt":1,"sr":1,"ks":{"o":{"a":0,"k":25,"ix":11},"r":{"a":0,"k":0,"ix":10},"p":{"a":1,"k":[{"i":{"x":0.312,"y":1},"o":{"x":0.333,"y":0},"t":30,"s":[-44.487,244.46500000000003,0],"to":[98.833,0,0],"ti":[-98.833,0,0]},{"t":104,"s":[548.513,244.46500000000003,0]}],"ix":2},"a":{"a":0,"k":[-201.015,-9.55,0],"ix":1},"s":{"a":0,"k":[98.24,97.99,100],"ix":6}},"ao":0,"shapes":[{"ty":"gr","it":[{"ind":0,"ty":"sh","ix":1,"ks":{"a":0,"k":{"i":[[0,0],[0,0],[0,0],[0,0]],"o":[[0,0],[0,0],[0,0],[0,0]],"v":[[-201.19,-143.586],[-294.541,124.486],[-203.512,124.277],[-107.49,-143.556]],"c":true},"ix":2},"nm":"Path 1","mn":"ADBE Vector Shape - Group","hd":false},{"ty":"st","c":{"a":0,"k":[0.3333,0,0,1],"ix":3},"o":{"a":0,"k":100,"ix":4},"w":{"a":0,"k":0,"ix":5},"lc":1,"lj":1,"ml":4,"bm":0,"nm":"Stroke 1","mn":"ADBE Vector Graphic - Stroke","hd":false},{"ty":"fl","c":{"a":0,"k":[1,1,1,1],"ix":4},"o":{"a":0,"k":100,"ix":5},"r":1,"bm":0,"nm":"Fill 1","mn":"ADBE Vector Graphic - Fill","hd":false},{"ty":"tr","p":{"a":0,"k":[0,0],"ix":2},"a":{"a":0,"k":[0,0],"ix":1},"s":{"a":0,"k":[100,100],"ix":3},"r":{"a":0,"k":0,"ix":6},"o":{"a":0,"k":100,"ix":7},"sk":{"a":0,"k":0,"ix":4},"sa":{"a":0,"k":0,"ix":5},"nm":"Transform"}],"nm":"Shape 1","np":3,"cix":2,"bm":0,"ix":1,"mn":"ADBE Vector Group","hd":false}],"ip":30,"op":105,"st":30,"bm":0},{"ddd":0,"ind":12,"ty":4,"nm":"Rectangle","sr":1,"ks":{"o":{"a":0,"k":100,"ix":11},"r":{"a":0,"k":0,"ix":10},"p":{"a":0,"k":[253.655,240.70300000000003,0],"ix":2},"a":{"a":0,"k":[0,0,0],"ix":1},"s":{"a":0,"k":[100.018,100,100],"ix":6}},"ao":0,"shapes":[{"ty":"gr","it":[{"ty":"rc","d":1,"s":{"a":0,"k":[462,104],"ix":2},"p":{"a":0,"k":[0,0],"ix":3},"r":{"a":0,"k":10,"ix":4},"nm":"Rectangle Path 1","mn":"ADBE Vector Shape - Rect","hd":false},{"ty":"st","c":{"a":0,"k":[0.3333,0,0,1],"ix":3},"o":{"a":0,"k":100,"ix":4},"w":{"a":0,"k":0,"ix":5},"lc":1,"lj":1,"ml":4,"bm":0,"nm":"Stroke 1","mn":"ADBE Vector Graphic - Stroke","hd":false},{"ty":"fl","c":{"a":0,"k":[0.5294,0.0941,0.2667,1],"ix":4},"o":{"a":0,"k":98,"ix":5},"r":1,"bm":0,"nm":"Fill 1","mn":"ADBE Vector Graphic - Fill","hd":false},{"ty":"tr","p":{"a":0,"k":[-3.654,-0.722],"ix":2},"a":{"a":0,"k":[0,0],"ix":1},"s":{"a":0,"k":[100,100],"ix":3},"r":{"a":0,"k":0,"ix":6},"o":{"a":0,"k":100,"ix":7},"sk":{"a":0,"k":0,"ix":4},"sa":{"a":0,"k":0,"ix":5},"nm":"Transform"}],"nm":"Rectangle 1","np":3,"cix":2,"bm":0,"ix":1,"mn":"ADBE Vector Group","hd":false}],"ip":0,"op":361,"st":0,"bm":0}],"markers":[],"chars":[{"ch":"S","size":40,"style":"Black","w":57.4,"data":{"shapes":[{"ty":"gr","it":[{"ind":0,"ty":"sh","ix":1,"ks":{"a":0,"k":{"i":[[0,0],[3.733,1.134],[4,0],[3.266,-0.966],[2.5,-1.933],[1.5,-2.866],[0,-3.8],[-1.634,-2.4],[-2.467,-1.466],[-2.867,-0.866],[-2.467,-0.866],[-1.634,-1.233],[0,-2.133],[0.633,-0.933],[1.033,-0.6],[1.3,-0.3],[1.266,0],[2.433,1.167],[1.6,2.134],[0,0],[-3.934,-1.4],[-4.6,0],[-3.3,0.933],[-2.5,1.934],[-1.467,2.934],[0,3.934],[1.6,2.467],[2.433,1.467],[2.8,0.8],[2.433,0.8],[1.6,1.134],[0,2.134],[-0.667,0.934],[-1.067,0.567],[-1.2,0.267],[-1.134,0],[-2.167,-0.766],[-1.267,-1.6]],"o":[[-3,-2.666],[-3.734,-1.133],[-3.467,0],[-3.267,0.967],[-2.5,1.934],[-1.5,2.867],[0,3.934],[1.633,2.4],[2.466,1.467],[2.866,0.867],[2.466,0.867],[1.633,1.234],[0,1.267],[-0.634,0.934],[-1.034,0.6],[-1.3,0.3],[-2.6,0],[-2.434,-1.166],[0,0],[3.4,3.134],[3.933,1.4],[3.666,0],[3.3,-0.933],[2.5,-1.933],[1.466,-2.933],[0,-4.133],[-1.6,-2.466],[-2.434,-1.466],[-2.8,-0.8],[-2.434,-0.8],[-1.6,-1.133],[0,-1.333],[0.666,-0.933],[1.066,-0.566],[1.2,-0.266],[1.933,0],[2.166,0.767],[0,0]],"v":[[52.9,-65.2],[42.8,-70.9],[31.2,-72.6],[21.1,-71.15],[12.45,-66.8],[6.45,-59.6],[4.2,-49.6],[6.65,-40.1],[12.8,-34.3],[20.8,-30.8],[28.8,-28.2],[34.95,-25.05],[37.4,-20],[36.45,-16.7],[33.95,-14.4],[30.45,-13.05],[26.6,-12.6],[19.05,-14.35],[13,-19.3],[1.9,-7.1],[12.9,-0.3],[25.7,1.8],[36.15,0.4],[44.85,-3.9],[50.8,-11.2],[53,-21.5],[50.6,-31.4],[44.55,-37.3],[36.7,-40.7],[28.85,-43.1],[22.8,-46],[20.4,-50.9],[21.4,-54.3],[24,-56.55],[27.4,-57.8],[30.9,-58.2],[37.05,-57.05],[42.2,-53.5]],"c":true},"ix":2},"nm":"S","mn":"ADBE Vector Shape - Group","hd":false}],"nm":"S","np":3,"cix":2,"bm":0,"ix":1,"mn":"ADBE Vector Group","hd":false}]},"fFamily":"Avenir"},{"ch":"T","size":40,"style":"Black","w":57.4,"data":{"shapes":[{"ty":"gr","it":[{"ind":0,"ty":"sh","ix":1,"ks":{"a":0,"k":{"i":[[0,0],[0,0],[0,0],[0,0],[0,0],[0,0],[0,0],[0,0]],"o":[[0,0],[0,0],[0,0],[0,0],[0,0],[0,0],[0,0],[0,0]],"v":[[20.9,0],[36.5,0],[36.5,-57],[56.7,-57],[56.7,-70.8],[0.7,-70.8],[0.7,-57],[20.9,-57]],"c":true},"ix":2},"nm":"T","mn":"ADBE Vector Shape - Group","hd":false}],"nm":"T","np":3,"cix":2,"bm":0,"ix":1,"mn":"ADBE Vector Group","hd":false}]},"fFamily":"Avenir"},{"ch":"A","size":40,"style":"Black","w":74.1,"data":{"shapes":[{"ty":"gr","it":[{"ind":0,"ty":"sh","ix":1,"ks":{"a":0,"k":{"i":[[0,0],[0,0],[0,0],[0,0],[0,0],[0,0],[0,0],[0,0]],"o":[[0,0],[0,0],[0,0],[0,0],[0,0],[0,0],[0,0],[0,0]],"v":[[-0.1,0],[17.1,0],[23,-15],[50.5,-15],[56.6,0],[74.2,0],[43.4,-70.8],[30.5,-70.8]],"c":true},"ix":2},"nm":"A","mn":"ADBE Vector Shape - Group","hd":false},{"ind":1,"ty":"sh","ix":2,"ks":{"a":0,"k":{"i":[[0,0],[0,0],[0,0]],"o":[[0,0],[0,0],[0,0]],"v":[[45.2,-28.2],[27.9,-28.2],[36.5,-50.2]],"c":true},"ix":2},"nm":"A","mn":"ADBE Vector Shape - Group","hd":false}],"nm":"A","np":5,"cix":2,"bm":0,"ix":1,"mn":"ADBE Vector Group","hd":false}]},"fFamily":"Avenir"},{"ch":"R","size":40,"style":"Black","w":64.8,"data":{"shapes":[{"ty":"gr","it":[{"ind":0,"ty":"sh","ix":1,"ks":{"a":0,"k":{"i":[[0,0],[0,0],[0,0],[0,0],[0,0],[0,0],[0,0],[-2.6,3.5],[0,5],[1.433,2.767],[2.433,1.634],[3.233,0.7],[3.6,0],[0,0]],"o":[[0,0],[0,0],[0,0],[0,0],[0,0],[0,0],[5,-0.933],[2.6,-3.5],[0,-4.133],[-1.434,-2.766],[-2.434,-1.633],[-3.234,-0.7],[0,0],[0,0]],"v":[[7.2,0],[22.8,0],[22.8,-28.3],[30.5,-28.3],[45.3,0],[64,0],[46,-29.9],[57.4,-36.55],[61.3,-49.3],[59.15,-59.65],[53.35,-66.25],[44.85,-69.75],[34.6,-70.8],[7.2,-70.8]],"c":true},"ix":2},"nm":"R","mn":"ADBE Vector Shape - Group","hd":false},{"ind":1,"ty":"sh","ix":2,"ks":{"a":0,"k":{"i":[[0,0],[0,0],[-1.467,-0.2],[-1.134,-0.566],[-0.734,-1.066],[0,-1.8],[0.833,-1.066],[1.266,-0.5],[1.566,-0.1],[1.4,0],[0,0]],"o":[[0,0],[1.4,0],[1.466,0.2],[1.133,0.567],[0.733,1.067],[0,1.934],[-0.834,1.067],[-1.267,0.5],[-1.567,0.1],[0,0],[0,0]],"v":[[22.8,-57.6],[33,-57.6],[37.3,-57.3],[41.2,-56.15],[44,-53.7],[45.1,-49.4],[43.85,-44.9],[40.7,-42.55],[36.45,-41.65],[32,-41.5],[22.8,-41.5]],"c":true},"ix":2},"nm":"R","mn":"ADBE Vector Shape - Group","hd":false}],"nm":"R","np":5,"cix":2,"bm":0,"ix":1,"mn":"ADBE Vector Group","hd":false}]},"fFamily":"Avenir"}]}